developer,count
Square Enix,37
Valve,27
"KOEI TECMO GAMES CO., LTD.",25
Milestone S.r.l.,18
Quiet River,16
Rebellion,14
Feral Interactive (Mac),13
Relic Entertainment,13
SNK CORPORATION,12
Galactic Geckon,12
Octo Games,12
Winged Cloud,12
Daedalic Entertainment,12
RewindApp,11
Raven Software,11
"CAPCOM Co., Ltd.",11
Creobit,11
Capcom,10
"Spike Chunsoft Co., Ltd.",10
id Software,10
Firaxis Games,10
Paradox Development Studio,10
Klei Entertainment,9
Idea Factory,9
Choice of Games,9
Walter Machado,9
Nihon Falcom,9
Abstraction Games,8
WayForward,8
GirlGames,8
Dotemu,8
Crytek,8
Haemimont Games,8
Gearbox Software,8
Hosted Games,8
BANDAI NAMCO Studios Inc.,8
Arc System Works,8
Telltale Games,8
Feral Interactive (Linux),8
Saber Interactive,8
CREATIVE ASSEMBLY,8
GSC Game World,8
Ubisoft Montreal,8
Nival,7
Lovely Games,7
Frozenbyte,7
Frontwing,7
SC Jogos,7
Chilla's Art,7
KuKo,7
Double Fine Productions,7
Nightdive Studios,7
KADOKAWA,7
Sledgehammer Games,7
Croteam,6
Frictional Games,6
General Arcade,6
Racing Bros,6
Big Ant Studios,6
Ryu Ga Gotoku Studio,6
Beamdog,6
Brave Giant LTD,6
"Jackbox Games, Inc.",6
Fulqrum Publishing,6
LucasArts,6
EGAMER,6
Wales Interactive,6
Larian Studios,6
Gotcha Gotcha Games,6
DSGame,6
Stardock Entertainment,6
Cyanide Studio,6
"INTI CREATES CO., LTD.",6
qureate,6
The Behemoth,6
Crystal Dynamics,6
Humongous Entertainment,6
Sunward Games,5
SOFTSTAR ENTERTAINMENT,5
Volens Nolens Games,5
"Nippon Ichi Software, Inc.",5
Code Mystics,5
Telltale,5
Forever Entertainment S. A.,5
Randumb Studios,5
THQ Nordic,5
ACQUIRE Corp.,5
Yoji Ojima,5
Rosa Special Studio,5
Tamsoft,5
Tongu√ß Bodur,5
Infinity Ward,5
IllFonic,5
KING Art,5
MAGES. Inc.,5
SEGA,5
"FromSoftware, Inc.",5
Alientrap,5
Fabio Ferrara,5
Pandemic Studios,5
Clarus Victoria,5
Strange Scaffold,5
Oddworld Inhabitants,5
KONAMI,5
Beenox,5
Samurai Punk,5
NukGames,5
David Szymanski,5
Treyarch,5
IR Studio,5
Giants Software,5
Minimol Games,5
Might and Delight,5
Targem Games,5
Bethesda Game Studios,5
ACE Team,5
Gogii Games,4
Bithell Games,4
Dovetail Games,4
430Games,4
QLOC,4
Rusty Lake,4
Knuckle Cracker,4
CI Games,4
Sports Interactive,4
"Nikita ""Ghost_RUS""",4
Stoic,4
Torple Dook,4
illuCalab,4
URSE Games,4
Zen Studios,4
iMel Inc.,4
"USERJOY Technology Co.,Ltd.",4
aNCHOR Inc.,4
Pirates Of The Digital Sea,4
Volition,4
GDNomaD,4
ThinkOfGames,4
Mihai Morosanu,4
Kazakov Oleg,4
Cotton Game,4
Limbic Entertainment,4
Eversim,4
Traveller's Tales,4
Zoo Corporation,4
Konstructors,4
KOGADO STUDIO,4
TML-Studios,4
inXile Entertainment,4
Ê®πÊá∂Âè´Â∑•‰ΩúÂÆ§,4
Alawar Entertainment,4
Avalanche Studios,4
Alawar,4
Size Five Games,4
Wadjet Eye Games,4
Stress Level Zero,4
Milkstone Studios,4
Alawar Casual,4
Fictiorama Studios,4
Anatoliy Loginovskikh,4
eTIRUe,4
Rogueside,4
Realmforge Studios,4
Krome Studios,4
Team17 Digital Ltd,4
Irrational Games,4
Obsidian Entertainment,4
Splash Damage,4
MakerË£ΩÈÄ†Ê©ü,4
Edelweiss,4
ATLUS,4
Techland,4
Sixteen Tons Entertainment,4
Feral Interactive (Mac/Linux),4
COMPILE HEART,4
"Dejobaan Games, LLC",4
Miel,4
GameHouse,4
TT Games,4
Croteam VR,4
Sanuk Games,4
IDEA FACTORY,4
"CAPCOM CO., LTD.",4
Core Design,4
Hyperstrange,4
Room710Games,4
Serenity Forge,4
SCS Software,4
Digitalmindsoft,4
Gaming Minds Studios,4
Blazing Griffin,4
Kittehface Software,3
Love in Space,3
Funcom,3
Yacht Club Games,3
Double W,3
Deck13,3
Artifex Mundi,3
Blue Isle Studios,3
Entropy Digital Entertainment,3
MAGIX Software GmbH,3
Movie Games Lunarium,3
Massive Entertainment,3
‚ñ≥‚óã‚ñ°√ó (Miwashiba),3
Jordan Freeman Group,3
Arkane Studios,3
Game-Labs,3
Talentplace,3
"Tilted Mill Entertainment, Inc.",3
Bamtang Games,3
Ê©òÂ≠êÁè≠,3
Gaijin Games,3
Reality Pump,3
Double Eleven,3
FreezeNova,3
YETU GAME,3
SMG Studio,3
Hitcents,3
Mahelyk,3
Timegate,3
GameChanger Studio,3
Passtech Games,3
Image & Form Games,3
Crian Soft,3
MoeNovel,3
hyperboreanGames,3
Stately Snail,3
CD PROJEKT RED,3
Draw Distance,3
Dingo Games,3
Ubisoft Kiev,3
United Independent Entertainment,3
Big Fat Simulations Inc.,3
BottleCube inc.,3
Fire Hose Games,3
Raptor Claw Games,3
‰∫åËâ≤ÂπΩÁ¥´Ëù∂,3
Survios,3
K Bros Games,3
"Monolith Productions, Inc.",3
Every Single Soldier,3
Black Isle Studios,3
L. Stotch,3
Keen Software House,3
Mature Games,3
Eidos-Montr√©al,3
Puppygames,3
Tribute Games Inc.,3
Marmalade Game Studio Ltd,3
Axis Games,3
Konnichiwa Games,3
WSS playground,3
Vaka Game Magazine,3
Byzantine Games,3
Lonely Troops,3
Sonic Team,3
Pixeljam,3
FIVE-BN GAMES,3
Easy game,3
Fireglow,3
3dm_live_wallpapers,3
WildTangent,3
Acram Digital,3
N4bA,3
Spellbound,3
Nixxes Software,3
AtomTeam,3
Forgotten Empires,3
Logic Artists,3
Flying Wild Hog,3
Minicactus Games,3
"AQURIA Co., Ltd.",3
DRAGO entertainment,3
BananaKing,3
DreadXP,3
raptor lab,3
Games Farm,3
Illwinter Game Design,3
Out of the Park Developments,3
Asobo Studio,3
TimeGate Studios,3
Frontier Developments,3
Mode 7,3
Wayward Preacher,3
HeR Interactive,3
Acerola,3
0 Deer Soft,3
Actalogic,3
Devcats,3
Whale Rock Games,3
Whirlpool,3
DIGIDICED,3
Endless Loop Studios,3
Zeboyd Digital Entertainment LLC,3
Bohemia Interactive,3
"CAPCOM CO., LTD",3
Tate Multimedia,3
Rocksteady Studios,3
Somi,3
Gagonfe,3
Appeal Studios,3
No.25,3
Team17,3
Microblast Games,3
Facepunch Studios,3
Running With Scissors,3
Perverse Games,3
Reiza Studios,3
Aspyr,3
SUPERHOT Team,3
The Farm 51,3
Live Motion Games,3
KT Racing,3
FM Studio,3
Digital Extremes,3
Maciej Targoni,3
Joe Richardson,3
Red Storm Entertainment,3
Last Day of Work,3
High Moon Studios,3
Awesome Games Studio,3
S.C. 16 BIT NIGHTS S.R.L.,3
Lil Hentai Games,3
"Cygames, Inc.",3
Tale of Tales,3
DnS Development,3
MyACG Studio,3
Aesir Interactive,3
Dieselmine,3
Sokpop Collective,3
Muse Games,3
Sierra,3
Sometimes You,3
Astronomic Games,3
Free Lives,3
Good Gate Media,3
Tango Gameworks,3
JoyMasher,3
Ubisoft  Shangha√Ø,3
Fatshark,3
World-Loom,3
Nitrome,3
Shiro Games,3
Hidden Path Entertainment,3
Roll7,3
Darkling Room,3
Marina Kittaka,3
Accidental Queens,3
Vladimir Maslov,3
Feodosiy,3
Melos Han-Tani,3
Broken Rules,3
Ê∞∏ÊÅÜËâæËéâÁµ≤Â∑•Âùä,3
Harebrained Schemes,3
Hamster On Coke Games,3
Ubisoft Toronto,3
Supermassive Games,3
"Kairosoft Co.,Ltd",3
Unbound Creations,3
Silver Lemur Games,3
Frogwares,3
Black Lime Studio,3
The Gentlebros,3
"Arcen Games, LLC",3
PixelGreeds,3
Dimps Corporation,3
Snowbird Games,3
Arzola's,2
Yangyang Mobile,2
"CFK Co., Ltd.",2
Redblack Spade,2
Four Winged Studio,2
Dymchick1,2
Remedy Entertainment,2
Wide Right Interactive,2
Airem,2
Foolish Mortals Games,2
Beshbarmak games,2
stillalive studios,2
Edmund McMillen,2
Michael Long,2
Diggidy.net,2
Redaster Studio,2
Zloy Krot Studio,2
Creative Storm Entertainment,2
Stray Fawn Studio,2
DigitalDream,2
ION LANDS,2
Mark Zorn,2
Pixel vs Pixel,2
Atlas V,2
Introversion Software,2
Moonlit Works,2
Alawar Stargaze (Warm Lamp Games),2
Caveman Studio,2
Choice Provisions,2
Zach Tsiakalis-Brown,2
Tobias Springer,2
Admia,2
Headware Games,2
Renderise,2
Drift Physics Crew,2
Stormregion,2
ARTE France,2
Steamberry Studio,2
Bigmoon Entertainment,2
Chibig,2
NLT Media,2
Talpa Games,2
Furlough Games,2
SimonCreative,2
Undercoders,2
Madruga Works,2
Panda Indie Studio,2
Fredaikis AB,2
Jujubee S.A.,2
"Sickhead Games, LLC",2
Lazy Bear Games,2
MGP Studios,2
Hunny Bunny Studio,2
Á¥≥Â£´ÂêâÂ®É,2
L&P,2
AdroVGames,2
KIMIDORI SOFT,2
4A Games,2
NatsumeAtari,2
Wet Girl,2
Schell Games,2
EQ Studios,2
Aluba Studio,2
Back To Basics Gaming,2
a1esska,2
Buka Development,2
Ghost Town Games Ltd.,2
MagicIndie,2
Tarsier Studios,2
Zai Studio,2
Notex,2
Brenton Wildes,2
Kan.Kikuchi,2
FLIPFLOPs,2
Playmeow,2
Travellin Cats,2
Auroch Digital,2
"ESQUADRA,inc.",2
SKIPMORE,2
Compile Heart,2
"BadFly Interactive, a.s.",2
Sigyaad Team,2
JDM4iK,2
Jon Nielsen,2
"What Pumpkin Games, Inc.",2
ARTDINK,2
Eastshade Studios,2
SnoutUp,2
Kitty,2
Dom,2
AIHASTO,2
Oxymoron Games,2
Connection,2
Mango Protocol,2
Antonio Renna,2
mino_dev,2
Follow the fun,2
Maximum Entertainment,2
ÂáùÂÜ∞ÂâëÊñ©,2
Crackshell,2
Alexander Taylor,2
Destructive Creations,2
Cyberwave,2
CUTE ANIME GIRLS,2
Petroglyph,2
Marvelous Inc.,2
Idol FX,2
Bikkuri Software,2
Jukio,2
JW,2
Norn,2
Simon Eftestol,2
Reflect Studios,2
Immortal Hand Studios,2
Kaigan Games,2
Alexey Davydov,2
Terrible Posture Games,2
Flazm,2
Far Mills,2
ZeniMax Online Studios,2
Smorb Software,2
Purple Software,2
Steve Gal,2
Cats Who Play,2
Darksquid Media,2
Retrific,2
MorfeoDev,2
Eastasiasoft Limited,2
[erka:es],2
tri-Ace,2
Anshar Studios,2
People Can Fly,2
ÂÜ∑Á¨ëÈªëÂ¶ñ,2
PrimaryOrbit,2
CyberConnect2,2
7DOTS,2
TOYBOX Inc.,2
Activision Shanghai,2
Demonware,2
Charles Games,2
Nomada Studio,2
Y Press Games,2
IHM Studio,2
ClockStone,2
Iceflake Studios,2
Kaigan Games O√ú,2
TYPE-MOON,2
Epic Llama Games,2
Strelka Games,2
Poking Water Games,2
HypeTrain Digital,2
Robert Alvarez,2
Sicarius,2
ÁÜäÁ™ùdodox,2
Offworld,2
Salamandra88,2
BEHEMUTT,2
Brace Yourself Games,2
Lovely Hellplace,2
Secret Cow Level,2
Scythe Dev Team,2
Faravid Interactive,2
Enlight Software Limited,2
owlyboi,2
Swag Soft Holdings Pte Ltd,2
Brainwash Gang,2
Celeritas Games,2
Mixed Realms Pte Ltd,2
07th Expansion,2
Creepy Brothers,2
Onion Soup Interactive,2
The House of Fables,2
Matthew Brown,2
bumblebee,2
Team Jolly Roger,2
Tokyo RPG Factory,2
Tic Toc Games,2
Jam,2
Failbetter Games,2
Visualnoveler,2
Ubisoft Shanghai,2
Tequila Works,2
HarDDeer,2
Wargaming Group Limited,2
Manekoware,2
VirtualAge,2
Inverge Studios,2
Oscar Celestini,2
Labory,2
Square One Games Inc.,2
Novel,2
GAMES FOR HUMANS,2
Belgerum,2
Rhowsl,2
Windforce,2
Impressions Games,2
Jason Godbey,2
PantyParrot,2
btf,2
Circus Atos,2
neko.works,2
Blazing Planet Studio,2
Abyte Entertainment,2
Stas Shostak,2
Digital Cybercherries,2
Euphoric Brothers,2
Green Lava Studios,2
Digital Eclipse,2
Worst Girls Games,2
Pillow Fight,2
Locomalito,2
Gryzor87,2
Scavengers Studio,2
Faerin Games,2
NIGORO,2
Digital Crafter,2
D'Avekki Studios Ltd,2
"Blizzard Entertainment, Inc.",2
Yunus Ayyildiz,2
M. Hanka,2
Baba Yaga Games,2
indie_games_studio,2
Strategic Simulations,2
Clockwork Wolf,2
Crema,2
Supra Games,2
Matt Glanville,2
Jutsu Games,2
madosoft,2
Overflow,2
Biggus Diccus Games,2
Nacon Studio Ghent,2
Secret Labo,2
Landfall,2
PixelMouse,2
LEVEL5 Inc.,2
Live Wire,2
Sean Young,2
KishMish Games,2
SmileBoom Co.Ltd.,2
G1 Playground,2
Deconstructeam,2
Ëá¥ÊÑè,2
Alexander Goodwin,2
ZOV GAME STUDIO,2
Snail Games USA,2
Heavy Sheep,2
MIGI STUDIO,2
ViNovella Games,2
Nikita Kryukov,2
Insomniac Games,2
AneaGames,2
Rockstar Games,2
DuaWolf,2
BRUTAL SOFTWARE,2
Black Forest Games,2
TheBoys,2
Renka,2
DYA Games,2
Ubisoft Paris,2
Neoclassic Games,2
ColloseusX,2
Flippfly LLC,2
"Mono Software, Inc.",2
Respawn,2
Temple Gates Games,2
FRENCH-BREAD,2
Prideful Sloth,2
Jetdogs Studios,2
Handelabra Games Inc.,2
Laush Dmitriy Sergeevich,2
BanzaiProject,2
Supergiant Games,2
Stuffed Wombat,2
Q-Games Ltd.,2
Excalibur,2
Wix Games,2
Laughing Jackal LTD,2
Twisted Pixel Games,2
NEXT Studios,2
State of Play,2
Geoff Keighley,2
deadworld games,2
insertdisc5,2
Robot Entertainment,2
RIVERSIDE SPORTS,2
Young Horses,2
Crankage Games,2
Neomateria Games GmbH,2
Positech Games,2
Fantasize Games,2
panstasz,2
Krealit,2
Grinding Gear Games,2
Cyanide Studios,2
Whalenought Studios,2
Orange_Juice,2
Kylotonn,2
Trese Brothers,2
OSome Studio,2
Game Dynasty,2
AMPLITUDE Studios,2
Visual Concepts,2
Claeysbrothers,2
Focus Entertainment,2
Toadman Interactive,2
Agafonoff,2
Fallen Tree Games Ltd,2
TAITO CORP.,2
"Nicalis, Inc.",2
Dead Mage,2
iMel,2
AFBIK Studio,2
Kanoe,2
Mediatonic,2
Pippin Games,2
Doctor Entertainment AB,2
DotEmu,2
"AREA 35, Inc.",2
npckc,2
Spiders,2
X-Bow Software,2
Split Light Studio,2
Capcom Vancouver,2
Nemesys Games,2
Gaijin Entertainment Corporation,2
Crimsonite Games,2
Garage Heathen,2
Jan Malitschek,2
Fury Software,2
Secret Garden,2
Pirate-Rob,2
Frozen Way,2
Playful Corp.,2
Instinct Games,2
Blue Byte,2
Romenics,2
Artaani,2
Weird and Wry,2
"Gaslamp Games, Inc.",2
Exquisite Games,2
Dennaton Games,2
Codeglue,2
Cordelia Games,2
M2H,2
Hyper Hippo Games,2
Shiver Games,2
Pixelnest Studio,2
Exkee,2
3Division,2
Beard Envy,2
Battlefront,2
Artefacts Studio,2
OhNoo Studio,2
Zeboyd Games,2
Gustav,2
Parallax,2
Expansive Worlds,2
Ninja Theory,2
Spearhead Games,2
"Just Add Water (Developments), Ltd.",2
Apogee Software,2
Slipgate Ironworks‚Ñ¢,2
Feperd Games,2
Crescent Moon Games,2
Red Barrels,2
One More Level,2
SkyGoblin,2
Team Reptile,2
Camel 101,2
Saibot Studios,2
JDM4iK Games,2
11 bit studios,2
Reality Pump Studios,2
Altar Games,2
Dancing Dragon Games,2
Reborn Entertainment,2
Denis Galanin (mif2000),2
Ensemble Studios,2
Blind Squirrel Games,2
Stunlock Studios,2
Coffee Stain Studios,2
Eko Software,2
Little Green Men Games,2
Madmind Studio,2
Tomorrow Corporation,2
Dylan Fitterer,2
Sinkhole Studio,2
Swing Swing Submarine,2
Chromatic Games,2
Rage Software,2
Torn Banner Studios,2
Spry Fox LLC,2
Cherry Pop Games,2
Jesse Makkonen,2
2Play,2
Vector Unit,2
Ironhide Game Studio,2
Tortuga Team,2
The Binary Mill,2
Love Conquers All Games,2
Galart,2
Mossmouth,2
Silky's Plus Wasabi,2
BlankMediaGames,2
The Chinese Room,2
Mi-Clos Studio,2
FibreTigre,2
Ilex Games,2
PhillyGames,2
"Black Chicken Studios, inc.",2
FreeMind S.A.,2
Triangle Studios,2
Orube Game Studio,2
Beautiful Glitch,2
Hydravision Entertainment,2
GalaxyTrail,2
Filament Classic,2
"M2 Co.,LTD",2
RuneStorm,2
Zachtronics,2
Trilobyte Games,2
Soldak Entertainment,2
Aterdux Entertainment,2
Morteshka,2
Vertigo Gaming Inc.,2
Nomad Games,2
BattleGoat Studios,2
Northway Games,2
Very Very LITTLE Studio,2
Animation Arts,2
Asami,2
Hanako Games,2
Lupiesoft,2
Gremlin Interactive,2
Colorgrave,2
Owlchemy Labs,2
Dire Wolf,2
Paul Bird,2
Oxeye Game Studio,2
Carbon Games,2
1C: Maddox Games,2
Interplay Entertainment Corp.,2
AFOG,2
"Marvelous, Inc.",2
Deep Root Interactive,2
Interactive Stone,2
Aspyr (Mac),2
"TALESSHOP Co., Ltd.",2
Panic Ensues Software,2
Cyan Worlds Inc,2
Nukearts Studio,2
Purple Lamp,2
MumboJumbo,2
Dumativa,2
KIRA,2
Uppercut Games Pty Ltd,2
Behaviour Interactive Inc.,2
Avalanche Software,2
Studio Saizensen,2
Emberheart Games,2
Haydee Interactive,2
Suncrash,2
David Wehle,2
Rayll,2
Big Boat Interactive,2
Linked Squad,2
Night School Studio,2
Redlynx,2
Ska Studios,2
Joey Drew Studios,2
SimBin Studios AB,2
Laminar Research,2
Canari Games,2
VisualArts/Key,2
NEKO WORKs,2
Studio Fizbin,2
Variable State,2
Chasing Carrots,2
Fireproof Games,2
Keen Games GmbH,2
sloth gamer,2
Ubisoft Montpellier,2
HuniePot,2
The Deep End Games,2
Furry Dreams Lab,2
"PopCap Games, Inc.",2
Ageod,2
Chainsawesome Games,2
Deceptive Games Ltd.,2
‚àá,2
J. King-Spooner,2
Terminal Reality,2
Nupu Neko Dev,2
Giulia Airoldi,2
Vertigo Games,2
Minos Games,2
IO Interactive,2
givanni pellegio,2
Shiny Shoe,2
"MicroProse Software, Inc",2
The Creative Assembly,2
snekflat,2
Nerdook Productions,2
Dry Cactus,2
Monolith,2
Monte Cristo,2
FireFly Studios,2
Deep Silver Volition,2
KARMAGAME HK LIMITED,2
ZOOM Platform Media,2
GATO STUDIO,2
Stainless Games Ltd,2
Deadline Games,2
tinyBuild,2
„Åè„Åù„ÅÑ„Çµ„Ç§„Éà,2
Ice-Pick Lodge,2
Games Incubator,2
ILLUSION,2
"Monster Games, Inc.",2
Sakari Games,2
Tripwire Interactive,2
Simuverse Interactive,2
Four Quarters,2
Climax Studios,2
Erik Sved√§ng,2
MachineGames,2
È¶ôÊ∏ØÂïÜÊ≤≥Ê¥õ‰∫íÂãïÂ®õÊ®ÇËÇ°‰ªΩÊúâÈôêÂÖ¨Âè∏,2
LostVolBytes,2
Robot Gentleman,2
Longbow Games,2
Noio,2
Spicy Tails,2
Pixellore Inc,2
Io-Interactive A/S,2
No Goblin,2
Rainbow Studios,2
Nixxes,2
Toxic Games,2
Finji,2
Strategy Labs,2
Double Helix Games,2
Pyrodactyl,2
InterAction studios,2
Snowrunner Games,2
Calappa Games,2
Storm in a Teacup,2
Maxis‚Ñ¢,2
Heluo Studio,2
Marcelo Barbosa,2
Subsoap,2
Microids,2
Thomas Bowker,2
"CAVE Interactive CO.,LTD.",2
Grace Bruxner,2
Razzart Visual,2
Leonard Menchiari,2
Rocket Rat Games,2
Nate Sanders,1
Footprints Games,1
SIGONO INC.,1
Atomic Fabrik,1
Silky‚Äôs Plus Alpha,1
Twin Sails Interactive,1
[untitledDev],1
Malevolent Wormhole,1
Yoann Laulan,1
Catfishbox,1
John Kolbek,1
Nyamyam,1
ÁñØÁéãÂ≠ê,1
Just Add Water (Development) Ltd.,1
Guanpeng Chen,1
Reward Hunters,1
Sean O'Connor,1
BiscuitPlay,1
Rock Frog,1
"Voidpoint, LLC",1
Monkeys Lab.,1
Blue Tongue Entertainment,1
Blitworks,1
Bit Dragon,1
Cristian Manolachi,1
LOVIGAME,1
NetEase Games,1
Cube,1
Feral interactive (Linux),1
GameDevLab,1
Water Phoenix,1
Grundislav Games,1
BulatHard,1
WWO Partners Ltd,1
Howling Moon Software,1
Gravity Sketch Limited,1
IBOL,1
Orbital Views,1
RedCandleGames,1
AMG GAMES,1
Catland,1
Team Fusion Simulations,1
Pixel Federation,1
Wild Factor,1
Redwood,1
Eternal Night Studios,1
Playsoft,1
Èì∂ÊúàÁΩëÁªú,1
Vincent Ltd,1
Silver Moon Internet,1
Lapioware,1
SHADE Inc.,1
Aggroblakh,1
Gaugepunk Games,1
Crynosaurs,1
Elf Games,1
GexagonVR,1
Mateusz Skutnik,1
Vankrupt Games,1
Evil Objective,1
Mooneye Studios,1
Trinity Team,1
Breaking Walls,1
Anguis Game Studio,1
Killer Bee Software,1
Mathieu Leyssenne,1
Squidpunch Studios,1
code:jp,1
Trebuchet Entertainment LLC,1
Protection Games,1
Benjamin Soul√©,1
Cairn4,1
Drifter¬Æ,1
Fazan,1
ULTRA ULTRA,1
Snowcastle Games,1
OfficialAndy,1
Fireblade Software,1
AjiGohanGames,1
KeroQ,1
Grip Digital,1
Intostudio,1
STORIA,1
Narrator,1
Cherrymochi,1
Picklefeet Games,1
Progorion,1
ADhD Studios,1
MDickie,1
REX PEX GAMES,1
Deimos Games,1
Jarrod Brown,1
Blood Eater Games,1
RageSquid,1
RCG,1
MyST,1
Lienzo,1
[DRAMATIC MUSIC PLAYS],1
U7 committee,1
Innervoid Interactive,1
Tea & Cake Games,1
Event Horizon,1
Levall Games AB,1
Volker Elzner,1
LTG,1
Rice Cooker Republic,1
Machine Games,1
Empyrean,1
Konfa Games,1
GuraShop,1
Pathos Interactive,1
NEKCOM Entertainment,1
Attu Games,1
Aleksandar Kuzmanovic Games Inc.,1
Horus Games,1
Interplay,1
Fair Games Studio,1
4Bit Games,1
Lost Goblin,1
Outerdawn,1
Corpix Games,1
BlackMuffin,1
Redemption Ark,1
Ê†™Âºè‰ºöÁ§æ„Éà„É†„ÇØ„É™„Ç®„Ç§„Éà,1
Iguana Entertainment,1
"Rockwell Studios, LLC",1
.ez Games,1
Victorian Clambake,1
Ferullo Gaming,1
Skeleboom Project,1
Game River,1
Slikey Games,1
Digital Lode Immersive Media,1
Probe Entertainment,1
Monkey Moon,1
IOA Games,1
Huw Millward,1
encurio,1
Scolaro Games,1
Mojiken,1
Tero Lunkka,1
Mikko Sepp√§l√§,1
Rolling Glory Jam,1
Evgeny Osmet,1
Ivory Tower,1
Mega Crit,1
Big Way Games,1
Gameclaw Studio,1
SoulGame Studio,1
Numantian Games,1
metricminds GmbH & Co KG,1
Uprising Studios,1
Red Dot Games,1
Real Welders,1
Fantasia Studio,1
Spiritus Games,1
Wishlist Games,1
Insane Dreamers,1
Colorfiction,1
Darkcross Games,1
SEEP,1
Big Kitty Games,1
B52 Development Team,1
Pavel Kostin,1
Atorcoppe Games,1
Coletivo Vaca Roxa,1
Vee,1
MMEU,1
Tungsten Games,1
Bugbyte Ltd.,1
tensixfour Creative,1
Kyuppin,1
Atlant Games ltd,1
ebi-hime,1
Tolga Ay,1
Gambir Studio,1
Favorite,1
PKO Game Studio,1
Systemic Games,1
Washbear Studio,1
Dreamside Interactive,1
Reflexive Entertainment,1
Denys Rudyi,1
"Imperium42¬Æ, LLC",1
BisquitPlay,1
Boxhead Bros.,1
KomBits Game Studio,1
Goblinz Studio,1
Stairfall Institute,1
Dev9k,1
Clouds,1
TOM CREATE,1
Team HalfBeard,1
Rikodu,1
RandomSpin,1
Interactive Gaming Studios,1
Diceroll Studios,1
Xitilon,1
Anarkis Gaming,1
Mirage Game Studios,1
Reconnect Software,1
Casioqu,1
"Mane6, Inc.",1
Touwaku Studio,1
Storybird Games,1
Vile Monarch,1
ÈªÑÊòè„Éï„É≠„É≥„ÉÜ„Ç£„Ç¢,1
Adamvision Studios,1
Lose,1
Mudpike,1
Gamily Studios,1
BattleGames,1
Wily Pumpkin,1
Odd Meter,1
Chucklefish,1
Yosemite Entertainment,1
Cat Nigiri,1
Tree Men Games,1
Nyamakop,1
Long Hat House,1
Asteristic Game Studio,1
DryGin Studios,1
LASTONE,1
CookieByte Entertainment,1
Pastel Studios,1
Expresso Studios,1
Calangames,1
Spookids Team,1
Kerry Fawdray,1
Tuttifrutti Interactive,1
Jason Lovett,1
Nitrous Butterfly,1
3RD BOOK,1
Jason Rohrer,1
Cuddle Monster Games,1
Formslingers,1
Super Sexy Software,1
Blue Sunset Games,1
Loftur Studio,1
HZ3 Software,1
suxamethonium,1
Bigzur Games,1
InnoVision,1
The Voxel Agents,1
Wicked Studios,1
Elven Workshop,1
Noble Muffins,1
Phoenix Interactive Studio,1
TREON Games,1
PT.farm Inc.,1
RebRank,1
1939 Games,1
Nicolas Pierre-Loti-Viaud,1
Straight Right,1
Blackfire,1
Devoga,1
Tom Johnson,1
N-Fusion Interactive,1
JOYCITY,1
Cliffhanger Productions,1
Image Space Incorporated,1
Paranoid Productions,1
Studio TeamShuriken,1
Bob,1
Playboom,1
Halfbus,1
Random Seed Games,1
SD,1
Finalboss game studio,1
Jake Huhman,1
Chris McFarland,1
Super Mega Team,1
SoftWeir Inc.,1
Fineway Studios,1
BULKHEAD,1
Brandon Moore,1
È´òËÄÉÊÅãÁà±ÂßîÂëò‰ºö,1
IF Games,1
Old Moon,1
Smoodlez,1
BitFinity,1
Lucasfim,1
Heartbit Interactive,1
Fragment Production Ltd.,1
Cornfox & Brothers Ltd.,1
Red Herring Labs,1
Toyman Interactive,1
Cinopt Studios,1
Hydro Games,1
Chris Hecker,1
John Cimino,1
Anisoptera Games,1
Ramjet Anvil,1
Aegon Games Ltd,1
Carbon,1
Undead Labs,1
TreeFortress Games,1
TNT Team,1
Electric Succubi,1
Pastagames,1
Frozen District,1
YFYX GAMES,1
"GAME ARTS Co., Ltd.",1
OKAM Studio,1
Riya,1
Lighthouse Games Studio,1
"Parody Games, LLC",1
On Target Simulations,1
Tammeka Games,1
"MidBoss, LLC.",1
TURBOGUN,1
Daniel Davies,1
Rude Ghost,1
The Bitfather,1
Charyb Games,1
Relax Minimalism,1
Rumpus,1
Infinite Dreams,1
Aether Studios,1
Mommy's Best Games,1
Blender Foundation,1
ACE MADDOX,1
Cat Rabbit,1
Retronic Games,1
Studio 397,1
"Digits Crossed Interactive, LLC",1
Pipliz,1
Code Club AB,1
Dangerous Derk Interactive,1
Circletempo,1
"S2 Games, LLC",1
Hammer Glass Studio Inc.,1
Hello There Games,1
Baggy Cat Ltd.,1
nDreams,1
Lucasfilm,1
Daniele Ferraro,1
Pixel Hero Games,1
Kite Games,1
Bacon Bandit Games,1
GreyLight Entertainment,1
Berzerk Studio,1
Absolut Soft LLC,1
Sep Reds,1
Binary Fortress Software,1
Zbigniew Ochman,1
Onni Interactive,1
Greendev.,1
studiocime,1
Campo Santo,1
Shenandoah Studio,1
Team Fractal Alligator,1
Overhype Studios,1
HKFiftyOne Games,1
Raptor Byte,1
Totally Games,1
Evan Tognotti,1
LLC Intenzibne,1
Lukas Jaeckel,1
HYDEZEKE,1
Cherry Co. Studios,1
Twelve Tiles,1
1337 & Senri AB,1
Ape Law,1
Valsar,1
Unicube,1
Team 17 Digital Ltd,1
Silent Dreams,1
Magic Sandbox,1
Playsaurus,1
CAVYHOUSE,1
Tl√∂n Studios,1
Red Beat,1
Harvester Games,1
Kronosaur Productions,1
Legend Studio,1
KITATUS STUDIOS,1
Rhema Press,1
Gua,1
Parabole,1
Shokunin,1
Thomas M. Visser,1
Vincent Thiele,1
"MicroProse Software, Inc.",1
Paul Cuisset,1
VooFoo Studios,1
Urban Games,1
Beatshapers,1
Can Explode,1
Highcastle Studios,1
Adam Saltsman,1
Robin Arnott,1
gamigo US Inc.,1
Freedom Factory,1
b-alive gmbh,1
Ubisoft Quebec,1
Playdead,1
Holden Boyles,1
Ciprian Stanciu,1
Nano Games sp. z o.o.,1
"Bat Country Games, LLC",1
Atypical Games,1
GabberGames.com,1
Smartly Dressed Games,1
Stolen Couch Games,1
Videocult,1
Landon Podbielski,1
BlueLine Games,1
DotEmu SAS.,1
Quantic Dream,1
Aspyr Media (remastered version),1
Up Multimedia,1
Graviteam,1
Lemondo Entertainment,1
Shark Punch,1
Beam Team Games,1
TAD Productions AB,1
Adam Spragg,1
NOVECT,1
Poni-Pachet SY,1
Everything Unlimited Ltd.,1
Nate Schmold,1
Naga Entertainment,1
immersionFX,1
AAD Productions,1
Rat King Entertainment,1
MoaCube,1
Camshaft Software Ltd,1
Powerhoof,1
Psydra Games LLC,1
Fixpoint Productions Ltd.,1
VaragtP,1
Ludeon Studios,1
The Working Parts,1
PGN Inc,1
Gunnar Games,1
High Voltage Software,1
¬†Eurocom Entertainment Software,1
Asylum entertainment,1
Nom Nom Games,1
Access Software,1
Cryo Interactive,1
Subvert Games,1
Polygon Moon,1
Ian MacLarty,1
Jon Kerney,1
Walk Thru Walls Studios,1
rdein,1
Novalink,1
Hexage,1
Team 6 Studios,1
David OReilly,1
Project ICKX,1
Extend Studio,1
Gaddy Games,1
N3V Games,1
"Playdek, Inc.",1
Milky Tea Studios,1
Swordtales,1
Cinemaware,1
Transcendent Games,1
SDP Games,1
BlueEagle Productions,1
Sujin Ri,1
Marcos Arroyo,1
Seona Lee,1
Somi Lee,1
Sohyeon Jeon,1
Circle Five Studios,1
Pub Games,1
WarfareSims,1
VINE,1
Zeppelin Studio,1
Mountain Sheep,1
Batterystaple Games,1
Papaya Studio,1
RobTop Games,1
Mastiff,1
Loveshack Entertainment,1
FiolaSoft Studio,1
Alkemi,1
Indimo Labs LLC,1
Bossa Studios,1
Bluebutton Games,1
Nexus Game Studios,1
Cross Eaglet,1
Inti Creates,1
On The Level Game Studios,1
FrameLineNetwork,1
Hourences,1
Grip Games,1
TT Games Ltd,1
Stormling Studios,1
KAIKO,1
Neon Studios,1
Gabriel Priske,1
Autumn Moon Entertainment,1
D6,1
Mokus,1
Dan  Walters,1
Ceri Williams,1
Metalhead Software Inc.,1
Microsoft Game Studios,1
Elliptic Games,1
Skatanic Studios,1
Sinclair Strange,1
gnifrebel Games UG,1
Caravel Games,1
Hearthfire Studios,1
Rake in Grass,1
Sharpened Edge Studios,1
Winged Pixel Inc.,1
Pictopotamus,1
Tangrin Entertainment,1
Cosmographic Software,1
Comcept,1
Denneko Yuugi,1
astragon Entertainment,1
Black Lab Games,1
Nova Dimension,1
SimProse Studios,1
Mad Head Games,1
Z-Software,1
sen,1
StormBringer Studios OU,1
Bad Bird Studios,1
Mothership Entertainment LLC,1
Planet Alpha ApS,1
Indie Game Group,1
Nostalgia Hound,1
PiGravity,1
DeXP,1
Jaison Robson Gusava,1
Carbomb Software,1
Unusualsoft,1
minori,1
Evoluta Studio,1
Mysterytag,1
Axel Sonic,1
Ductape studio,1
Green127,1
Crenetic GmbH Studios,1
Osmotic Studios,1
RaveyLarge,1
Below the Game,1
The Moonwalls,1
Monkey Stories,1
Mascot Entertainment,1
Exordium Games,1
Downpour Interactive,1
EXAMU,1
World Makers,1
SONNORI Corp,1
J.Bowman,1
Boxelware,1
Papurika.moe,1
Contingent99,1
Minskworks,1
Ninja Robot Dinosaur,1
Mikori Games,1
Arif Games,1
Moltenplay,1
100 Stones Interactive,1
[OneManBand],1
Driven Arts,1
Pirate Software,1
GAME FREAK inc.,1
Factor 5,1
Armitage Games,1
Argali Entertainment,1
Wonderland,1
Defiant Development,1
IllusoryWorldEntertainment,1
Thylacine Studios,1
Ashdar Games,1
Abstraction,1
Pavel Zinchenko,1
V3663L,1
Lantern Studio,1
Alpheratz*,1
Pendulo Studios,1
Maverick Games,1
Egidijus Bachur,1
Pavel Jamal,1
Crystice Softworks,1
8D Studio,1
Stuka Games Inc,1
Scraping Bottom Games,1
Brian Lindenhof,1
Bae Team,1
Robert Briscoe,1
Coconut Island Studio,1
Kajak Games,1
All Yes Good,1
Koenigz,1
Myron Games,1
Wulo Games,1
DEADBIT,1
The Munky,1
Rendercode Games,1
Contours,1
MokyuSoft,1
Mindillusion,1
Aratog LLC,1
TickTock Games,1
Digital Dreams Entertainment,1
Escalation Studios,1
Borealys Games,1
Lucasfilm Games,1
Magnolia Art,1
Snail Games,1
Roman Uhlig,1
Si7 Studio,1
Ondrej Angelovic,1
Bigosaur,1
RocketWerkz,1
Blue Giraffe,1
Illeris,1
"COLOPL, Inc.",1
Because I Can,1
Justin Wolf,1
HFM Games,1
DUCK,1
Sierra On-Line,1
TAMSOFT,1
BigCheeseGames,1
Invictus Games Ltd.,1
ImageCode,1
2 Monkeys,1
Quixel,1
MysteryTag,1
Misc Games,1
Kool2Play,1
Giant Sparrow,1
Jongwoo Kim,1
Erica Lahaie,1
FX Bilodeau,1
Tanya Short,1
Kiddy,1
Backwoods Entertainment,1
Application Systems Heidelberg,1
Midnight Party,1
Bandai Namco Studios Inc.,1
SideFX,1
Robert Weaver,1
Schmidt Workshops,1
Aleksandr Golovkin,1
Cartboard Games,1
Lasso Games,1
Tyler Myers,1
NEW AUDIO TECHNOLOGY,1
Magic Pixel Kft.,1
Fun Sponge Games,1
Robot Invader,1
Mindfield Games,1
Arrowhead Game Studios,1
team BitClub,1
Alawar Stargaze,1
PixelTail Games,1
AuraLab,1
landfall,1
Flox Studios,1
PolyKid,1
Team Gotham,1
Darjeeling,1
Nova Production,1
Bread Machine Games,1
Warballoon,1
Pera Games,1
Evil Indie Games,1
All Seeing Eye Games,1
The Game Kitchen,1
Tabletopia,1
Trion Worlds,1
Liar-soft,1
Devespresso Games,1
Fenix Fire Entertainment,1
Code Horizon,1
Brain&Brain,1
Space Cat Studios,1
Meerkat Gaming,1
Ben 'Yahtzee' Croshaw,1
Collected Worlds,1
Piranha Bytes,1
Skunkape Interactive,1
Joakim Sandberg,1
Bankroll Studios,1
Xform,1
Giant Squid,1
Iced Lizard Games,1
Ishtar Games,1
James Id,1
Peach Pie Productions,1
Lucas Molina,1
Funatics Software,1
Sketchy Logic,1
Ionized Games,1
S√≥lfar Studios,1
RVX,1
314 Arts,1
Tall Story Studios,1
DQ Team,1
Hidden Hallow Studio,1
Triverske,1
Casual Labs,1
Jurlo,1
JetPackGone,1
Permadeath,1
Droid Riot,1
ChAIR Entertainment,1
EyeSpyda Games,1
Egosoft,1
Spellbind Studios,1
Hikergames,1
Nominia,1
Smile,1
Invent4 Entertainment,1
2015,1
Lazy Monday Games,1
DuCats Games Studio,1
Steven Colling,1
REL Games,1
Adriaan de Jongh,1
Sylvain Tegroeg,1
Madia Entertainment,1
Mechabit Ltd,1
DO MY BEST,1
Four Circle Interactive,1
Sandbox Interactive GmbH,1
MercurySteam,1
Kenneth Caselli,1
Gianmarco Rocco,1
Cardboard Utopia,1
Quantized Bit,1
Outsider Games,1
Weappy Studio,1
Profenix Studio SRLS,1
Evil Mojo Games,1
Grove Street Games,1
E McNeill,1
Nitroplus,1
Dan_D,1
Vorobiov Vadym,1
exagongames,1
Butterflyware,1
Ninja Kiwi,1
Cheap Fun Games,1
Jonathan BRASSAUD,1
Dreadlocks Mobile,1
Silicon Jelly,1
Gloomywood,1
Lichthund,1
Zenz VR,1
Demimonde,1
mesetts,1
bumblebee.,1
Qumaron,1
CP Decision,1
kChamp Games,1
Tinimations,1
Matt Roszak,1
ConcernedApe,1
Sorath,1
The Game Bakers,1
SomaSim,1
Pewter Games Studios,1
Happy Tuesday,1
New Reality Games,1
John Wizard,1
Campfire Games,1
Balcony Softworks,1
WOLCEN Studio,1
Silden,1
JE Software,1
IPACS,1
"Nerve Software, Gearbox Software, LLC",1
Real Game Machine,1
Christian Reuter,1
Bromoco Games,1
Little Big Lee,1
Big Corporation,1
Faton,1
Hunter Studio,1
Rejected Games,1
ËêΩÂè∂Â≤õÈ°πÁõÆÁªÑ,1
Giant Games,1
IO Interactive A/S,1
Spinoff Games,1
Bureau Bravin,1
Moon Lagoon,1
Zurvivor,1
Omnifarious Studios LLC,1
Burak Dabak,1
Andymente,1
"Benjamin ""ThingOnItsOwn"" Hauer",1
Aftnareld,1
Monomi Park,1
Mandragora,1
Studio Supersoft,1
Rabbit & Bear Studios,1
Kuroto Zakka,1
Thomas Moon Kang,1
Ureasoft,1
GOOD BOYS,1
GAGA,1
NOW PRODUCTION,1
Metacorp / Vaporware,1
Red Stage Entertainment,1
Triumph Studios,1
Northend Games,1
Sempiternal Rain,1
Kyle Thompson,1
ÂÖªËõã‰∫∫ Egg Hatcher,1
Team Corn Field,1
Xeno Bits,1
Catthia Games,1
Ice Code Games,1
Autumn Pioneer,1
Gentleman Rat Studios,1
199 Cents STUDIO,1
Bit Mirror,1
Afterburn,1
„Åó„Çâ„Åü„Åæ„Åì,1
Apptivus,1
Madnetic Games,1
Momentum Games,1
Pinel Games,1
Rembrosoft,1
Helicopter Simulator,1
Catherine Svyataya,1
Skydevilpalm,1
YellowDuckWorks,1
TokuPop,1
Lemonade Flashbang,1
Blue Brain Games,1
Peter Soltesz,1
Vladimir Cholokyan,1
Fred Wood,1
ÁôΩÁéâ‰∫¨Â∑•‰ΩúÂÆ§,1
Seito Games,1
Mr. Vibin,1
Mizotsuki Rail / acty,1
Jordan O'Leary,1
StudioGoupil,1
Silver Lining Studio,1
Tako Boy Studios LLC,1
Keys to My Lockheart,1
The Knights of Unity,1
Remtairy,1
Flashpoint Studios,1
Yummy Yummy Studio,1
Infinity Ape Studios,1
343 Industries,1
Ozan √áelik,1
Attainable Entertainment,1
Windwalk Games,1
Chris,1
Tann,1
digi.B,1
2by3 Games,1
NAISU,1
Unseen Interactive,1
Monavista dev,1
Hangar 13,1
Gator Shins,1
WILD WITS,1
Blaze Worlds,1
Shimobashira Workshop,1
MyDockFinder,1
AleCubicSoft,1
Deep Silver Fishlabs,1
Aeternum Game Studios S.L,1
Lawliet,1
Triple.B.Titles,1
Autumn Rain,1
Armor Games Studios,1
Ê†™Âºè‰ºöÁ§æ„Éá„Çπ„ÇØ„ÉØ„Éº„ÇØ„Çπ,1
Primal Seed,1
Tributary Games,1
Pixbits,1
Saber Porto Ltd.,1
North Modding Company AB,1
Overseer Games,1
Crater Studios,1
Yanako RPGs,1
Achromi,1
Coffee Stain North,1
Ruffian Games,1
GoodOldMan Studio,1
Bungie,1
Black Flag Studios,1
Loopnova Studio,1
RyanÈòøÁÖô,1
VR Storm Studio,1
Stray Kite Studios,1
Hot Chill,1
Mardonpol Inc.,1
Hot Chili Games,1
Chii the Cat,1
Chuhai Labs,1
AniYa Games Studio,1
Metronomik,1
ÂÖÉÊ∞îÂºπÂ∑•‰ΩúÂÆ§(GD Studio),1
Emberstorm Entertainment,1
Propulsive Games,1
ImCyan,1
MomoGames,1
Critical Bliss,1
YUKIUSAGI Games,1
Innoverse Ltd,1
Bubby Darkstar,1
Triomatica Games,1
"Wx3 Labs, LLC",1
ChillyRoom,1
Glee-Cheese Studio,1
PurpleSloth,1
RudeFrog Studios,1
xXx_Skipper_xXx,1
Deakcor,1
Good Luck Games,1
Slava Bushuev,1
BerserkBoy Games,1
Moonana,1
Ninth Exodus,1
Empty Head Games,1
4Co,1
Delta,1
Smarto Club,1
Bark Bark Games,1
LevelHead,1
Maze Theory Ltd,1
Silken Sail Entertainment,1
Skybound Games,1
Cyber Monkey Studios,1
Simple,1
Clock Wizard Games,1
Ember Trail,1
Lance Games,1
Moya Horror,1
Toukana Interactive,1
Wit Studio,1
Inspire Game Studios,1
ÈáçÊ•ºÂ∑•‰ΩúÂÆ§,1
feneq,1
BRINK XR,1
Zoink,1
Thunderful,1
Kujirabo„ÄÇ,1
StarryStarry,1
Brilliant Game Studios,1
È¨ºË∞∑Â∑•‰ΩúÂÆ§,1
Raylight Games,1
Skyhook Games,1
Amon26,1
DIRIGO GAMES,1
Alambik Studio,1
Flexible Media,1
Kazakov Studios,1
Balloon Studios,1
BrainDead Broccoli,1
THE BROTHERHOOD,1
D-Ark Studio,1
Hazelight Studios,1
Otherworld Interactive,1
PlaySide,1
TRYLIGHT GAME STUDIO,1
oneoreight,1
Team EARTHWARS,1
Sundew Studios,1
Superacid,1
Manlev Games,1
Resolution Games,1
Bryce Bucher,1
Cape Cosmic,1
Eternal Lighthouse,1
Slaves,1
Aegon Games,1
Monochrome Paris,1
Teneke Kafalar,1
Devoured Studios,1
Adam Pype & Viktor Kraus,1
corpsepile,1
Breogan Hackett,1
Redact Games,1
Modus Interactive,1
Basalt Tower,1
Blood Machine,1
Black March Studios,1
Nitro+CHiRAL,1
Proxy Studios,1
Sunwolf Entertainment,1
CatBellUnion,1
Dawnblaze Entertainment,1
Santa Goat,1
Mercury Game Studio,1
A-GUI,1
Kalla Gameworks,1
yeswecamp,1
Tinzone Games,1
Orc Chop Games,1
Tanuki Creative Studio,1
Slitherine Ltd.,1
Invader Studios,1
Longplay Studios,1
Black Eye Games,1
SOFTSTAR TECHNOLOGY(SHANGHAI),1
Bit Golem,1
Unwound Games,1
KevTheDev,1
gamesbychris,1
Springloaded,1
White Paper Games,1
HappyGames,1
Highwire Games,1
Team RUN,1
Mitsuki Game Studio,1
Paleodev,1
FEYADA,1
Kulplant,1
Sonzai Games,1
SeedWall,1
Cyber Eye,1
Nils Slijkerman,1
Ewoud van der Werf,1
TECOPARK,1
Ben Olding Games,1
Explosive Squat Games,1
Team Carnal Instinct,1
Kurt Wojda,1
Dicesuki,1
Awaceb,1
Warner Bros. Games Montr√©al,1
Maestro Cinetik,1
Open Roads Team,1
Geometric Interactive,1
Cloisters Interactive,1
YUKE'S,1
xRed Games,1
Second Reality,1
Kucki,1
EA Canada & EA Romania,1
Èõ∂ÂàõÊ∏∏Êàè(ZerocreationGame),1
Digital Mind Games,1
Littlefield Studio,1
HFTGames,1
Cellbit,1
Wataponno,1
Cyberdog Software,1
Cruise Elroy,1
Cameron Ladjevardi,1
David Elliot,1
Boom Team,1
HorseGames,1
Gleamer Studio,1
YYZ Studio,1
Rascal Devworks,1
GreenGuy,1
Limited Run Games,1
MYM Games Studios,1
159 Studio,1
Frozen Lake Games,1
Yustas,1
AZARASHI SOFTWARE,1
Catos Game,1
MANGLEDmaw Games,1
Land & Sea,1
"Millennium Kitchen Co., Ltd.",1
Kurultaic,1
LimboLane,1
MIROWIN,1
R_Games,1
Tim Oxton,1
Con No 1,1
Eugene,1
turbolento games,1
TS GAMES LLC,1
KORO.GAMES,1
Robin Nicolet,1
SHIGATAKE GAMES,1
David Gallardo,1
Yuliy Oneshko,1
S-Grade,1
Queen Developer,1
Chraph,1
Elzee,1
BG Productions,1
Cheese Burger Studio,1
HFRK,1
Archival,1
Naelstrof,1
Guerrilla Games,1
Alith Games,1
Samharia Studios,1
Veratrum,1
BogoSoft,1
Goblin Games,1
„Å°„ÇÉ„Åä„ÅÑ„Åö„ÇÄ,1
REVVALUTION Studio,1
Coby Dox,1
Chudd Howard,1
Swain Games,1
Andrii Prots,1
HeartBeat Plus,1
Tiny Flame Games,1
Eneida Games,1
Cat-astrophe Games,1
Artless Games,1
Nokta Games,1
Espada Inc.,1
Solecismic Software,1
Object Software,1
Fearless Games,1
Pi Bit,1
CampFire Studio,1
CTM,1
Roboqlo,1
simonschreibt,1
Collarpill,1
Ponkotsu Maker,1
"DRAGAMI GAMES, LTD.",1
Team Tetrapod,1
PixelCraze s.r.o.,1
Future Cat LLC,1
Dark Point Games,1
Balas Games,1
Elegant Horse Studios,1
SAFARI GAMES,1
Miluku Inc.,1
MarcialART,1
Actus Games,1
Sting,1
Frozen Lake Software,1
700 Games Studio,1
Dirty Adventures üñ§,1
Rainer Zufall,1
Clarity Games,1
Some Sugar Studio,1
‰∏úÈò≥ÂºÄÂ±Ä‰∫íÂä®ÂΩ±ËßÜÊúâÈôêÂÖ¨Âè∏,1
‰∏äÊµ∑ÂìàÊòî‰∫íËÅîÁΩëÁßëÊäÄÊúâÈôêÂÖ¨Âè∏,1
zzzgame,1
Bone Nail,1
JBDXÂ∑•‰ΩúÂÆ§,1
Rogue Duck Interactive,1
mumimumi,1
veryOK,1
Atree,1
kabocha renga,1
sodaraptor,1
Sordar Studios,1
MATTER GAMES,1
Solar Eclipse Games,1
M for Mother,1
TN Games,1
Moczan,1
Little Chmura,1
Bego√±a Pereda,1
Tentakero,1
RelvasDev,1
Katanalevy,1
SAGA PLANETS,1
UBISOFT,1
Engine Software,1
Graverobber Foundation,1
Mayni prod.,1
Umix Studios,1
NyakuGames,1
Noah King,1
Featherweight Games,1
batcholi,1
FloDKSM,1
bati,1
loardjosef,1
KudPlay Games,1
Celestial Star Studios,1
Embers,1
Ashnell Games,1
NEGAFISH,1
PISHO,1
„Çã„Å≥ÊßòÂ¥á„ÇÅ„Çã‰ºö,1
Black Sea Studios,1
Hazelight Studio,1
Super Evil Megacorp,1
Hoochoo Game Studios,1
Cozy Asia Games,1
BOBER BROS,1
Vladimir Pliashkun,1
Ox Developers,1
Serafini Productions,1
Play and Cum üí¶,1
MoreMoto Games,1
Skibidi Toilet Games,1
ATICO,1
BlankMediaGames LLC,1
Cinnamon Switch LLC,1
Maddison Baek(Hellfire Railway Interactive),1
Bitmap Galaxy,1
YooGame,1
Intelligible Games,1
Foursaken Media,1
ooze,1
CellStudios,1
Wizard++,1
System Erasure,1
Twilight Sonata Studio,1
Centurion Developments,1
70`Strike,1
Tiburon,1
CakeDev,1
Snoozy Kazoo,1
"logicalbeat Co., Ltd.",1
Hobofeller,1
Coach Apps,1
insomnia,1
Laplacian,1
02GAMES,1
Wet n' Juicy Games,1
Jeremy Couillard,1
Chris Parrello,1
tomadan,1
Dreamlit inc.,1
Retroware,1
Programancer,1
Samobee Games,1
Codemasters,1
Hoolignomes,1
Kiki Games,1
Neos Corporation,1
Black Eyed Priest,1
Henry Hoare,1
Cubyte Games,1
Portland Caviar,1
Cozy Live,1
‰∏≠Â≠êÊòüÊ∏∏ÊàèÁ†îÁ©∂ÊâÄ,1
wormpod,1
Hollow Ponds,1
Richard Hogg,1
SpaceOwl Games,1
Erabit,1
Moonloop Games,1
SUNSOFT,1
Action Forms,1
Turquoise Revival Games,1
InnerspaceVR,1
ManaVoid Entertainment,1
Lunarch Studios,1
Tasty Pics Studio,1
Loys,1
ViJuDa,1
Tissue Inu,1
foolsroom,1
Roboatino,1
Brenntkopf Development,1
Mountain 81,1
EverCats,1
Naturepixel Studios,1
SkyBrave,1
Oriol Cosp Games,1
EnjoyPlay Ltd,1
TashiKani,1
Bandai Namco Amusement Lab Inc.,1
P4 GAMES,1
Michael Kamm,1
Montraluz,1
Napas Torteeka,1
Refic Games,1
BeXide Inc.,1
Pixel Purrfect,1
Silkersoft,1
Lukke,1
RollinBarrel,1
Gentleman.LTD,1
Krillbite Studio,1
Loser/s,1
Spacezero Interactive,1
Ahegames,1
Electro Soul Games,1
Chaos Theory Games,1
OTTO Games,1
Cache of Bones,1
HIJIKI,1
GGTech Studios,1
Rombo,1
MisterMaya,1
Imagine Wings Studio,1
ÊîªÂ£≥Ê∏∏Êàè Gamker Studio,1
Pixeled Vision,1
TTrickGames,1
PAIN PEPPER,1
HappyCreator,1
Naku Kinoko,1
Quad Labs,1
Áû¨ÊÅØ‰∏áÂèòÂ∑•‰ΩúÂÆ§,1
BananaDogGames,1
Sonderland,1
D3PUBLISHER,1
CCC Games,1
YASANIKI,1
Bitfall Studios,1
Ubisoft Annecy,1
Ubisoft Belgrade,1
Ubisoft Kyiv,1
Ubisoft Pune,1
Ubisoft Odesa,1
SANDLOT,1
Team Terrible,1
Rockodile,1
threeW,1
VoodooDuck,1
Advance Nine,1
Tokinokogiri,1
motijan,1
Hitreg Studios,1
ÂÖ´ÂêçÊú®Games,1
HammerFire Interactive,1
JustTomcuk,1
NINEHECTARE,1
BA-KU,1
Johanna Josefsson,1
R√©mi Fusade,1
Ground Shatter,1
Aniki Games,1
Fractal Projects,1
I'm moralist,1
„Åã„Çè„ÅÑ„Åù„ÅÜ„Å™„ÅÆ„ÅØÊäú„Åë„Çã,1
Ulon,1
Tegridy Made Games,1
SquareHusky,1
CHEHRAZ,1
Makee,1
Archiact,1
DIGITAL ECLIPSE,1
IndieLeague Studio,1
Totem Entertainment,1
AQUASTYLE,1
Catze,1
Seafloor Games LLC,1
Yiming,1
Funny Games,1
Wolf & Wood Interactive Ltd,1
We're Five Games,1
Purity Sin,1
Tantalus,1
Blue Bottle Games,1
Azure Flame Studio,1
Chute Apps,1
SHADE,1
Narko Games,1
CggtGroup,1
Grease Monkey Games,1
Rafael Ben-Ari,1
Foxy Voxel,1
Bloober Team SA,1
Echtra Inc.,1
Two Star Games,1
"24Frame,inc.",1
SYNERGY,1
Dream Potion Games,1
"Truant Pixel, LLC",1
Webble Games,1
BOV,1
lamb of game,1
Pixel Error,1
TheClassifiedX,1
Daniele Vicinanzo,1
Giulio Perrone,1
Yobowargames,1
yo_serjio,1
Ape Apps,1
Yonder,1
UMEO Studios,1
Studio Inkyfox,1
PinkPeachStudio,1
Monolith of Minds,1
Bear & Cat Studio,1
Bay 12 Games,1
Cracked Heads Games,1
PALETTE,1
Aurogon Shanghai,1
Poleaxe Games LLC,1
EXPERIENCE,1
Dasius,1
Noble Games Studio,1
InvertMouse,1
Cyber Keks,1
FURYU Corporation,1
Disney Interactive,1
Veewo Games,1
_Echelon Software,1
LION HEART,1
Tunnel Vision Games,1
Tinogames Inc.,1
‰∏äÊµ∑ÁÉõÈæô‰ø°ÊÅØÁßëÊäÄÊúâÈôêÂÖ¨Âè∏,1
Cognoggin Games,1
Julia Minamata,1
"YGGDRAZIL GROUP PUBLIC CO., LTD.",1
Lunaris Games,1
Mildly Professional,1
Circle Poison,1
Ê©ôÂÖâÊ∏∏Êàè,1
HEGA Studio,1
NotGames,1
SOUTHPAW GAMES,1
Corey Martin,1
Geod Studio,1
Old Skull Games,1
Arcanum Team,1
Hexdraw,1
Skyward Digital,1
James Interactive,1
Ridiculon,1
TBD,1
Alessandro Guzzo,1
Spellbook,1
HiRabbitgame,1
WAFFLE GAMES,1
Monokel,1
Get Up Games,1
Iceberg Interactive,1
Tiny Trinket Games,1
Shieldbearer Studios,1
MeanAstronauts,1
Dreamlight Games Studios SL,1
MOTIONX STUDIO,1
GentleRaven Games,1
Kaizen Game Works,1
Chronicle Ltd,1
Butengo entertainment,1
ONBI,1
Spider Nest Games,1
Witch Beam,1
Fast Travel Games,1
So Romantic,1
Cold Symmetry,1
Oracle and Bone,1
Unknown Identity,1
3DAR,1
Slippy Floor,1
Pastaspace Interactive,1
Panzar Studio,1
Artisan Studios,1
Moyashi Research Institute,1
tea_basira,1
atelier mimina,1
DMM GAMES,1
Beethoven and Dinosaur,1
Team Hindsight,1
Simogo,1
Mikola Games,1
Brimstone,1
September Games,1
"D4Enterprise Co.,Ltd.",1
Towndarktales,1
Paranoid Interactive,1
Crew Lab,1
Mirari&Co.,1
Juvty Worlds,1
Doom Turtle,1
Tomas Sala,1
Fulqrum Games,1
Post Mortem Pixels,1
badopticsgames,1
MistyMountainStudio,1
Joshua Chen,1
TUNNEL no.73,1
IEVO,1
Lavapotion,1
Klabater,1
Space Boat Studios,1
Pudding,1
Kokoko Soft,1
Ashkandi,1
Truthkey,1
Hough Studio,1
DimnHouse,1
Playcorp Studios,1
Subtle Games,1
XREAL Games,1
TribeXR Inc.,1
Unknown Worlds Entertainment,1
Meteorbyte Studios,1
Zombie Dynamics,1
YS Net,1
NUKKLEAR,1
Ashborne Games,1
SiBear Games,1
Flat Chest Dev,1
UnholY CreatioN,1
Sluggerfly,1
unbeGames,1
Buckethead Entertainment,1
Emir Cerimovic,1
Jump Over The Age,1
Breaking Dimensions,1
Schwarz Games,1
MONKEYCRAFT Co. Ltd.,1
ProYuga Advanced Technologies Ltd,1
Myou,1
Glass Revolver,1
TeamTOCH,1
Sandstorm Studios Inc.,1
Green-eyed Taxi,1
‰∏ÉÂΩ©ÁªòËâ≤Ê∏∏Êàè,1
Mono Studio,1
Kubat Software,1
Roope Tamminen,1
"Return To Adventure Mountain, LLC",1
Sunna Entertainment,1
Another Story,1
Lightbulb Crew,1
"SAFARI GAMES Co., Ltd.",1
Red Vibe Studio,1
WindyVerse,1
Brain Seal Ltd,1
Kunos Simulazioni,1
Egor Rezenov,1
CSM,1
RhinoGearz,1
Lowe Bros. Studios LLC,1
Darong Studio,1
lastgame,1
Smee,1
"AyDream Co., Ltd.",1
Sierra Lee,1
James Patton,1
Kurenaibook,1
Wonderbelly Games,1
PiBoSo,1
Polygon Dust Entertainment Ltd.,1
AAD Games,1
That Indie Studio,1
Ripened Peach Entertainment,1
"Tozai Games, Inc.",1
souvenir circ.,1
SmallSqurriel,1
Counterplay Games Inc,1
Laughing Machines,1
Uroboros Games,1
Zouking,1
Gentlymad Studios,1
ÂÜÖË¥≠‰∫∫ÁîüPABL,1
Dambuster Studios,1
GrisGris,1
N-RACING,1
MorbidWare,1
Bombservice,1
EtherGaming,1
Canvas+Garden,1
Secret Base,1
Ratloop Asia,1
Loria,1
Little Rock Games,1
indie.io,1
Vault Game Studio,1
Team Mental,1
GameTrek,1
Edym Pixels,1
ArtePiazza,1
JPEG OF PAIN GAMES,1
deviant.tech,1
Eagre Games,1
IceTorch Interactive,1
Spare Parts Oasis,1
Muro Studios,1
Ertal Games,1
Dark Crystal Games,1
Protoculture Games,1
"B.B.STUDIO CO.,LTD.",1
System 3,1
Herobeat Studios,1
Action Squad Studios,1
3DClouds,1
TookiPalooki,1
Eleventh Hour Games,1
Magnus Ander,1
No Code,1
Llamasoft Ltd.,1
Cydonian Games,1
GameCrafters,1
90Games,1
Code Wakers,1
Aikesi,1
Denside Studios,1
Dystopia Interactive,1
CBC Games,1
Stuck In Attic,1
MAD.com,1
Eren Aydin,1
Serhat Yucekaya,1
Vanl,1
Dimension 32 Entertainment,1
VARSAV Game Studios,1
Tower Games,1
JiangHu Studio,1
RYM GAMES,1
AZGames,1
Sailors Moon Studios,1
648Â∑•‰ΩúÂÆ§,1
Moon Punch Studio,1
ALTARI GAMES,1
Hero Concept,1
A.Y.std,1
Studio Goya,1
Mensh,1
Taichi Games,1
Igrek Games,1
77p Studios,1
George Eracleous,1
Errol Bucy,1
Average Games,1
Andriy Bychkovskyi,1
Neverjam,1
Goodgame Studios,1
Burst2Flame Entertainment,1
Osmose Studio,1
GeeSeki,1
Mana Potion Studios,1
TiGames,1
GameFormatic S.A.,1
Simteract,1
OTA IMON Studios,1
CyDream,1
Hovgaard Games,1
Eggcode,1
Different Tales,1
Henrique Faitta Chitolina,1
Pidro Soft,1
OverBorder Studio,1
CarlosGameDev,1
Ops Game Studio,1
OTL GAME,1
7A Games,1
oddbreeze,1
Applimazing,1
Laputa Labs,1
FuturLab,1
Elasto Mania Team,1
Balazs Rozsa,1
Proton Studio,1
icefill,1
Skirmish Mode Games,1
TLR Games,1
Draconia Dev Team,1
DarkStone Digital,1
idoz & phops,1
David Marquardt Studios,1
Airdorf Games,1
Guinxu,1
SmashHammer Games,1
Red Nexus Games Inc.,1
Zodiacus Games,1
BadMudStudio,1
Banger Chasers,1
dietzribi,1
Everplay Interactive,1
Blow and Try Again,1
Rocketcat Games,1
EnDrew,1
Curious Planet,1
Igor Uduslivii,1
Dariia Babchuk,1
Andrii Petrov,1
semiwork,1
SimplePlan,1
Awaken Realms,1
Ovid Works,1
Together Games,1
Kodo Linija,1
Insane Code,1
Marvelous Games,1
Vona Soft,1
Starni Games,1
Irwin Segarane,1
Sad Owl Studios,1
Summitsphere,1
Mehsoft,1
Perfoon,1
City From Naught Inc.,1
Sonic Powered,1
//commentout,1
"Warrior General Games, LLC",1
Max Mraz,1
Henagames,1
Winterlook Games,1
Baronnerie Games,1
Kenkou Land,1
MediaTale,1
TrampolineTales,1
Maldo19,1
Shinachiku-castella,1
Akiragoya,1
Shaikonina Games,1
Usual Suspects Studios,1
Pixelbois,1
Ê®ÇÁ£öJoy Brick,1
Grimlore Games,1
Quadfix Games,1
Crawly Games,1
Abbey 'Scruncho' Smith,1
Bathysfear Labs,1
John Szymanski,1
scopatgames,1
HiFight,1
Balio Studio,1
Twin Hearts,1
Main Tank Software,1
SuperWriter Games LLC,1
Soiree,1
Vittorio Romeo,1
GameBoom VR,1
The-Mark Entertainment,1
Flying Squirrel Entertainment,1
Dual Effect,1
Abstract Digital,1
ThinkingStars,1
IriySoft,1
DU&I,1
Wormwood Studios,1
Adglobe,1
P3 Games,1
AFTERLIFEüëª,1
DragonBear Studios,1
Virtual Arts Studio,1
Trigger Labs,1
Melonsoda Soft,1
Tunnel Vision Studio,1
Daniel Mullins Games,1
Wither Studios,1
Akabaka,1
Vidas Salavejus,1
KO_OP,1
Rarykos,1
nonononono,1
like Charlie,1
Bugbear,1
24 Entertainment,1
ehmprah,1
TB Games,1
Team Ladybug,1
Demolish Games S.A.,1
@unepic_fran,1
Thunder Devs.,1
Sam Vallely,1
DVloper,1
Astral Pixel,1
Inverse Game,1
Leven Liu,1
Kagura Games,1
TorchEntertainment,1
Loadinc Entertainment,1
Kirillkrm,1
Small Studio by Mac Guff,1
a_BAHN,1
Lemon Sky Studios,1
Xlab Digital,1
ZHANG FAN,1
Infuse Studio,1
L2 Games,1
ORIGAME DIGITAL,1
Team Nimbus,1
Mazjojo Productions,1
Fair Pixel LLC,1
Rbois,1
Perverteer Games,1
Soaring Pixels Games,1
ustwo games,1
Two Inc,1
Weed Games,1
Gen90Software,1
Ubisoft Paris Studio,1
Star Vault AB,1
Pixel Canvas Inc,1
Airship Syndicate,1
Yoba Games,1
General Interactive Co.,1
Respawn Entertainment,1
Sunhead Games,1
Rare Ltd,1
Bleakmill,1
Lockpickle,1
Journey Bound Games,1
David Kaleta,1
Cloak and Dagger Games,1
Evil Boobs Cult,1
Freebird Games,1
Bambuseae Games,1
Happy Snake,1
Incuvo S.A.,1
C—Ç—Ä–µ–ª—å–±–∞,1
Black Beach Studio,1
Orange Pylon Games,1
Team Rez,1
Pawley Games,1
Starbreeze Studios,1
Forceight,1
Elixir Games,1
PersonaeGame Studio,1
3DPet,1
Rad Codex,1
Eyaura,1
LunchHouse Software,1
ma√±ana studios,1
Poobool,1
Mk-II,1
Majorariatto,1
GFX47,1
Outlier,1
GUT.GAMES,1
Betagames Group,1
Hiding Spot,1
Indiesruption,1
UN JE NE SAIS QUOI,1
UMANIMATION,1
Rocket Adrift,1
BLUM Entertainment,1
Apple Tart,1
Studio Aesthesia,1
Panic Machine,1
MAGES.,1
weltenbauer. Software Entwicklung GmbH,1
OverDrift Crew,1
"Studio Hatch Co., Ltd.",1
Sumo Digital,1
Dojin Otome,1
Asteroid Game Studio,1
Hypnotic Ants,1
Atelier Choice,1
StudioDobby,1
Miju Games,1
ArenaNet¬Æ,1
Neko Game,1
Moon Kid,1
rose-engine,1
PopCap,1
Runic Rise Games,1
Zerodiv,1
Dale Turner,1
"Catch & Release, LLC",1
Gilligames,1
Gaco Games,1
DEVBOX,1
GentleDriver,1
Era,1
Reaper Games,1
Mr Z Games,1
Anton Pushkarev,1
TheGameCreators,1
Toppluva AB,1
Limited Games,1
KeelWorks,1
Horgee Games,1
Out of the Blue Games,1
MNKY,1
SOFTSTAR,1
DOMO Studio,1
WayUpGames,1
Recreate Games,1
Patrick Traynor,1
Emberfish Games,1
Studio Kosen,1
reÈõ∂Âêå‰∫∫Á§æ,1
Anduo Games,1
Cheesecake Dev,1
Molleindustria,1
CITY CONNECTION,1
Orphic Software,1
oyasumi Workshop,1
Future Games,1
thatgamecompany,1
Leppsoft,1
"Fatbot Games, s. r. o.",1
WarpFrog,1
Triternion,1
SoraPrayer,1
Drakkar Dev,1
AGL studios,1
Kishimoto Studios,1
T4 Interactive,1
Clifftop Games,1
Nemega,1
Hugecalf Studios,1
Salmi Games,1
Michele Pirovano,1
Sean Scaplehorn,1
Animallica Games Studio,1
Circus,1
Vanimals,1
"Bit Planet Games, LLC",1
Ivanovich Games,1
Rocwise Entertainment,1
Your Story Interactive,1
frecle,1
Funforge,1
Snap Finger Click,1
Redbeet Interactive,1
DMT,1
Whiskeybarrel Studios,1
Red Limb Studio,1
Paul Helman,1
Ignis Sanat,1
Alekseev,1
Massive Monster,1
Tasselfoot,1
Norbert Palacz,1
Zanardi and Liza,1
Ominous Entertainment,1
Cold Beam Games,1
ID Card,1
Pumpkin Interactive,1
Silver Machine Studios,1
"Outpost Games, Inc.",1
Luden.io,1
"mtb design works, inc.",1
Hunchback Studio,1
Hammer Games,1
Idea Cabin,1
Mikhail Nevsky,1
Stonebrick Studios,1
onebitbeyond,1
"Reflections, a Ubisoft Studio",1
SCT,1
LYCORIS,1
Laura Shigihara,1
Blender Games,1
ZemunBRE,1
Impact Gameworks,1
Abylight,1
Zetsubou,1
Platonic Partnership,1
A44,1
Trino Games,1
Hades Productions,1
Kasey Ozymy,1
SOFTSTAR TECHNOLOGY(BEIJING),1
RLR Training Inc,1
Topstitch Games,1
Mad Mimic,1
Liquid Donkey Games,1
Gathering Tree,1
Hern√°n Smicht,1
YIRA::,1
Kuro Irodoru Yomiji,1
David Su,1
Helmi Bastami,1
George Batchelor,1
3dinvis games,1
AlphaSoft LLC,1
Lionbite Games,1
Crypton Future Media,1
Moonfire Entertainment,1
Radiation Blue,1
After Death Team,1
Harpoon Games,1
PanicBarn,1
ClockWork Wolf,1
Mutant Entertainment Studios,1
Aetheric Games,1
ATOMIC BREATH,1
FraZack,1
Feral Cat Den,1
SEROSOO,1
Solar Sail Games Ltd,1
Vestaria Project,1
Crasleen Games,1
SPG Mistarille,1
Cleveland Mark Blakemore,1
Screambox Studio,1
Portal Entertainment,1
MojoTouch,1
Adventure Soft,1
Noobz from Poland,1
sebagamesdev,1
"Truant pixel, LLC",1
Kitfox Games,1
Landfall West,1
Crow's Key Studios,1
Atomic Jelly,1
Shevchenko Technology,1
Robert Wahler,1
Fableware,1
Enitvare,1
Proton Studio Inc,1
SPECTRUM GAMES,1
Origin8 Technologies Ltd.,1
Damian Bernardi,1
Leif Ian Anderson,1
PleasingFungus Games,1
Strange Fire,1
Patron Ibrahim,1
EmilyMGames,1
S-Game,1
Somnium Games d.o.o.,1
Firecast Studio,1
Okomotive,1
The Archotek Project Team,1
Abyss Gameworks,1
Workroom7,1
Holyday Studios,1
Peter Whalen,1
Kitsune Games,1
Stranga,1
Blue Wizard Digital,1
Crazy Cactus Entertainment,1
Animu Game,1
Battlecruiser Games,1
Vladislav Castillo Gonzalez,1
Rogue Factor,1
Altaire,1
Blackjard Softworks,1
Valravn Games,1
Space Plunge,1
QUByte Interactive,1
Trunka,1
Vladimir Soldatov,1
FELISTELLA,1
Ganbarion,1
Perfuse Entertainment,1
Radical Phi,1
Leopoly,1
Rafael Farias,1
Activision,1
Bowlcut Studios,1
Binx Games,1
Croteam Incubator,1
ChairKilling,1
DeadToast Entertainment,1
TiliaSoft,1
AQURIA,1
Bogdan Rozymny,1
Timeslip Softworks,1
"Beep Games, Inc.",1
Bitbaboon,1
Ladomu,1
Angels Blue Digital Entertainment,1
DigitalEZ,1
Saturn Plus,1
Deep Shadows,1
White Dog Games,1
Robotality,1
Quantum Phoenix Studio,1
Michail Romanov,1
Denis Esie,1
Artem Lynev,1
Red Unit Studios,1
Artur Samoylenko,1
Sushee,1
Delusional Games,1
TotallyNotReptillian,1
MercuryStudio,1
Peak Angle Team,1
Odd Raven Studios,1
Red Storm,1
Cavalier Game Studios,1
Joure Visser,1
Tequilabyte Studio,1
BrickCream,1
SEMISOFT,1
Sungazer Software LLC,1
Funghisoft,1
SharF Co.,1
Mohawk Games,1
Headbang Club,1
Creative Pudding Hungary Llc.,1
4Fufelz,1
NoBreadStudio,1
Rune Skovbo Johansen,1
SAT-BOX,1
Batholith Entertainment,1
Zolden Games,1
Petums,1
Keybol,1
Mike Studios,1
Satur Entertainment,1
Doborog Games,1
Asymmetric,1
Lapovich Team,1
Jonathan Tindell,1
IzHard,1
Baroque Decay,1
Sergey Dvoynikov,1
Timofey Shargorodskiy,1
Neckbolt,1
EasyWays Team,1
FakeFish,1
Undertow Games,1
ZELENIUK,1
Broken Arms Games,1
Stormseeker Games,1
ARTDINK CORPORATION,1
AirWave Games,1
Con Man Games,1
Design Factory,1
Nikolai Usachev,1
Rhombico Games,1
Watercolor Games,1
Brogames,1
Low Magic Studios,1
Vogelf√§nger,1
Nuclear Tales,1
Prasius,1
Nezon Production,1
Finger Squad,1
Retro Epic,1
Berezka,1
22cans,1
Christian Whitehead,1
Headcannon,1
PagodaWest Games,1
Sewer Cat,1
Cult Software,1
IndieGala,1
CtrlMovie,1
Painted Black Games,1
Pixel House Games,1
Abigail Corfman,1
EP Games¬Æ,1
Flashbulb,1
Svarog Studios,1
Applava,1
Toxic Dog,1
Aardman Animations,1
Digixart,1
Â¢®È±ºÁé©Ê∏∏Êàè,1
Starcolt,1
TOKYOTOON,1
Gambit Games Studio,1
Wanba Studio,1
Studio Christmas,1
Steel Sky Productions,1
Tin Man Games,1
RuneHeads,1
Marco Amadei,1
Obscure Tales,1
rocketship,1
Studio FOW Interactive,1
NOTvil,1
Mi'pu'mi Games GmbH,1
GAME ARTS,1
Dexter Manning,1
Terror Dog Studio,1
Chasing Rats Games,1
MapleDorm Games,1
DirectDoggo,1
Dope Games,1
Reverie World Studios,1
Studio √âlan,1
Ember Light Games,1
Hermit Games,1
2P Games,1
White_Rabbit_Games,1
Koraku,1
Amanita Design,1
OVRAS Team,1
Ancient Forge,1
Chimeric,1
Skymap Games,1
Domesticated Ant Games,1
Norsfell,1
Innocent Grey,1
Multiverse,1
Hologryph,1
Eerie Guest Studios,1
Misultin Studios,1
Erik Asmussen,1
"Aarne ""MekaSkull"" Hunziker",1
Affray Interactive,1
GoldenGod Games,1
Censored,1
Polarbyte Games,1
Simula Games,1
ASa Project,1
Alt Shift,1
Twin Petes,1
Fuchs+Dachs,1
Modern Storyteller,1
Midjiwan AB,1
PanGuoJun,1
Atomic Wolf,1
L.INC,1
Âåó‰∫¨ÊòüÁ£êÁßëÊäÄ,1
SIG Publishing,1
Cocopo,1
Misadventurous,1
EightyEight Games,1
Pillow Castle,1
Chaos Concept,1
Pupuya Games,1
Dmitrii Lomakin,1
Playmestudio,1
4 Dimension Games,1
PICORINNE SOFT,1
Julian Laufer,1
KENZsoft,1
Deathbulge,1
Five Houses LLC,1
Innominate Games,1
Towerfag,1
Lobby Divinus,1
illius,1
Áå´Ë∑ëÂ∑•‰ΩúÂÆ§,1
BlackTale Games,1
Veitikka Studios,1
Mighty Kingdom,1
PuffballsUnited,1
Team Lazerbeam,1
The Superweaks,1
Autoexec Games,1
Tiny Warrior Games,1
Virtuous Development,1
Tactical Adventures,1
DesktopMMD Team,1
EastFog Studios,1
Protocol Games,1
Thomas Waterzooi,1
imaginarylab,1
Original Fire Games,1
Hamsters Gaming,1
Myles Jorgensen,1
WT Studio,1
Abrakam Entertainment SA,1
The Outsiders,1
Cyber Realistic Game,1
Ominux Games,1
"Idea Factory, Compile Heart",1
Mechanistry,1
Studio Pixel Punk,1
Picogram,1
James Bendon,1
IndieMax,1
PHL Collective,1
Friend & Foe Games,1
Hutlihut Games,1
GhostShark,1
Pahris Entertainment SIA,1
Advance Garde,1
Main Leaf,1
Amazon Games,1
Citizen of Life Games,1
Woodland Games,1
Poly anchor studio,1
Glaive Games,1
Cadabra Games,1
Outerloop Games,1
Fireart Games,1
Maze Theory,1
MonteBearo,1
Command Development Team,1
Maulidan Games,1
Anima Project,1
Hempuli Oy,1
LW.C,1
Yang.L,1
Cultic Games,1
Galactic Gaming Guild,1
Deric Ruhl,1
REDWHALE GAMES Inc.,1
Â±ûÈü≥Âà∂‰ΩúÁªÑ,1
BadW0lf,1
Captain Games,1
Monad Rock,1
Flaming Fowl Studios,1
EXOR Studios,1
Magic Design Studios,1
NorthernBytes Software,1
Koksny.com,1
Corentin Derbr√©,1
Osaris Games,1
Dragon Slumber,1
AmberDrop,1
Nupixo Games,1
Team Sorcerobe,1
Illusion Ray,1
Flat Cat Games,1
TrickeySoft LLC,1
Butterscotch Shenanigans,1
Asylum Entertainment Inc.,1
Dominique Grieshofer,1
Mario von Rickenbach,1
Michael Frei,1
L&L Technology,1
Gem Rose Accent,1
KANAWO,1
"GANBARION Co., Ltd.",1
Uri Games,1
Black Sea Games,1
Copychaser Games,1
RocketPunch Games,1
TARO,1
Angry Demon Studio,1
Steel Wool Studios,1
Khor Chin Heong,1
Cypron Interactive,1
Byking Inc.,1
Ricardo Pratas,1
Deep Dive Interactive,1
Rose City Games,1
Datura Games,1
Ironward,1
Three Rings Inc.,1
Crazy Rocks,1
Sealtail Studio,1
Shedworks,1
Bird Bath Games,1
Dynamic Media Triad,1
Volha,1
Laush Studio,1
JustUsGameLab,1
Wazen,1
SOEDESCO,1
Merge Games,1
"Joon, Pol, Muutsch, Char & Torfi",1
Phaser Lock Interactive,1
Tatamibeya Áï≥ÈÉ®Â±ã,1
MyDreamForever,1
Hummingwarp Interactive,1
Rabbiroo,1
Namo Gamo,1
Shockwork Games,1
Somer Games,1
Sweet Bandits Studios,1
Paper Cult,1
YFC games,1
"FromSoftware, Inc",1
Plueschkatze,1
Starlit Castle,1
rokaplay,1
Kinemotik Studios,1
Cheerdealers,1
Luminous,1
Yak & Co,1
"Hamumu Games, Inc.",1
Grapeshot Games,1
Qunee,1
Booming Tech,1
Argonwood,1
Mzonestudio,1
Â§ßÂ•ΩÁΩë,1
Sleeper Games,1
Baked Games,1
Rigidbody,1
White Owls Inc.,1
Pixile,1
Road Studio S.A.,1
Joshua Keith,1
One Wing Cicada,1
Gattai Games,1
Alien Pixel Studios,1
AEXLAB,1
S&COR Games,1
HomeBearStudio,1
Steppe Hare Studio,1
SMILE,1
Tl√∂n Industries,1
Let it roll AB,1
Cobble Games,1
Disaster Studio,1
H. Hochkins,1
Jellyfish Parade,1
Underbite Games,1
Billy Basso,1
John Holmvall,1
Entertainment Forge,1
Playcademy,1
Tantalus Media,1
Wicked Witch,1
World's Edge,1
CaptureAge,1
"ILCA, Inc.",1
Nixtor Game Studio,1
Paralune LLC,1
moi rai games,1
MINOVATE HONG KONG LIMITED,1
5WORD Team,1
DragonSnow,1
Besedka Games Studio,1
Piotr Bunkowski,1
Aeromir,1
Chromosphere Games,1
Heart Machine,1
Gadget Games,1
Rubycone,1
Pencil Test Studios,1
Causal Bit Games Inc.,1
Siege Camp,1
PiedPipers Team,1
Space Bullet Dynamics Corporation,1
Villa Gorilla,1
Virtual Racing Industries Ltd.,1
iosoftware,1
Atelier 801,1
Dingaling Productions,1
SuperChop Games,1
"Fantasy Flight Publishing, Inc.",1
Scott Host,1
Celeris,1
Brainseed Factory,1
Sergey Pershakov,1
Studio Evil,1
MOONSTONE,1
Code}{atch,1
ALICE IN DISSONANCE,1
Photon Arena,1
Twice Circled,1
Lanstrash,1
OBLONE Software,1
Fluffy Kitten Studios,1
CBE software,1
Mixamo,1
Moonlight Mouse,1
Pantera Entertainment,1
Eidos Montreal,1
Looking Glass Studios,1
Handyman Studios,1
Robot Loves Kitty,1
Pieces Interactive,1
"Monochrome, Inc",1
Andrew Morrish,1
Team2Bit,1
Ubisoft,1
Games Distillery s.r.o.,1
ProjectorGames,1
Misfits Attic,1
Digital Arrow,1
Irresponsible Games,1
The Dreamers Guild,1
Koboldgames,1
MagicalTimeBean,1
Press Play,1
Colossal Order Ltd.,1
Pulse Entertainment,1
Full Control,1
Kylotonn Entertainment,1
Ubisoft Montr√©al,1
GameCrafterTeam,1
"GameTomo Co., Ltd.",1
Allgraf,1
2DArray,1
Sarah Northway,1
Wyse Games,1
Great Cogs,1
Semaphore,1
Fern Nigro,1
Drool,1
Monogon Games,1
Chris Sawyer,1
Nostalgia,1
Pinokl Games,1
Kverta,1
White Rabbit,1
Lag Studios,1
David Mulder,1
Double Stallion,1
Noumenon Games,1
Shining Pixel Studios,1
nornware AB,1
The Stork Burnt Down,1
G5 Software,1
Seaven Studio,1
Alda Games,1
Eric Hornby,1
Access Games,1
Maschinen-Mensch,1
JAM Productions,1
Remedy,1
Moonlite Software,1
Cygnus Studios,1
Toys for Bob,1
marbenx,1
Anarchy Enterprises,1
Triskell Interactive,1
Alex Francois,1
DTF games,1
Ak√ßay Karaazmak,1
Studio Wildcard,1
The Wall Productions Inc.,1
Meridian4,1
STRIKEWORKS,1
The Odd Gentlemen,1
KPy3O,1
Noostyche,1
Skobbejak Games,1
Skermunkel,1
Specialbit Studio,1
Hanaji Games,1
Synset,1
Spiderling Studios,1
VIS-Games,1
Efecto Studios,1
A Stranger Gravity,1
Virtual Basement LLC,1
Fermenter Games,1
Red River Studio,1
Mana Games,1
Hedge Knight Games,1
peakvox,1
O-TWO inc.,1
Niffler Ltd.,1
Dez,1
PolyKnight Games,1
Sim155 Limited,1
Minority Media Inc.,1
Monolith Productions,1
Centauri Production,1
Pathea Games,1
Red Thread Games,1
Artery Games,1
Hemisphere Games,1
Elecorn,1
GFI Russia,1
Teotl Studios,1
Power of 2,1
"Big Splash Games, LLC",1
Aliasworlds Entertainment,1
PlayFirst,1
Vectorpark,1
Kerberos Productions,1
Blue Fang,1
KTX Software,1
Codemasters Racing,1
Elite Games Team,1
Kloonigames,1
SoftLab-NSK,1
Over the Top Games,1
Coreplay GmbH,1
Bigmoon Studios,1
Sparpweed,1
Colibri Games,1
Paul Fisch,1
Murudai,1
Krystian Majewski,1
Game Distillery s.r.o.,1
Zeroscale,1
Sigma Team Inc.,1
Bedlam Games,1
KranX Productions,1
Number None,1
FreakZone Games,1
2K China,1
SpinTop Games,1
Elixir Studios,1
GlyphX Games,1
Cavetap,1
PopTop,1
Best Way,1
Beautiful Game Studios,1
Pivotal Games,1
Eidos Studio Hungary,1
Bizarre Creations,1
CCP,1
SimBin,1
2K Marin,1
2K Australia,1
Lazy 8 Studios,1
Virtual Programming (Linux),1
Aspyr (Linux),1
Gray Matter Studios,1
Queasy Games,1
Crackpot Entertainment,1
Replay Studios,1
Spark Unlimited,1
2D BOY,1
TaleWorlds Entertainment,1
Headfirst Productions,1
Apus Software,1
Three Donkeys LLC,1
Team17 Software Ltd.,1
Crytek Studios,1
Grey Havens,1
Mystic Box,1
Treexy,1
Zero Sum Games,1
Exor Studios,1
Sos Sosowski,1
"Xavi Canal, Ben Palgi",1
Rudolf Kremers & Alex May,1
Tuna,1
Skybox Labs,1
Terry Cavanagh,1
Ubisoft - San Francisco,1
Ubisoft - Osaka,1
Galactic Cafe,1
Neko Entertainment,1
CyberConnect2 Co. Ltd.,1
The Story Mechanics,1
Big Huge Games,1
Point Five Projects,1
Laboratory Systems,1
Days of Wonder,1
Alexey Bokulev,1
I-Illusions,1
Humble Hearts LLC,1
L3O Interactive,1
Zero Point Software,1
Gaijin Entertainment,1
"Mine Loader Software Co., Ltd.",1
Serellan LLC,1
Paradox Tinto,1
Crafty Studios,1
Serious Brew,1
"Ubisoft Montreal, Massive Entertainment, and Ubisoft Shanghai",1
Squad,1
Redlynx Ltd,1
38 Studios,1
Vanguard Games,1
Trapdoor Inc.,1
Cobra Mobile,1
Big Fat Alien,1
DANKIE,1
Manic Game Studios,1
Re-Logic,1
MinMax Games Ltd.,1
Squid In A Box Ltd,1
Spiderweb Software,1
"Aspyr (Mac, Linux, & Windows Update)",1
Shovsoft,1
WB Games Montreal,1
Curve Studios,1
Waterlily Games,1
Born Ready Games Ltd.,1
Data Realms,1
Subatomic Studios LLC,1
Wizarbox,1
Cipher Prime Studios,1
Jasper Byrne,1
"Hardsuit Labs, Inc.",1
Ed Key and David Kanaga,1
Transhuman Design,1
Alexander Bruce,1
Crate Entertainment,1
Chocoarts,1
Kiro'o Games,1
Studio Monolith,1
Dosane Games,1
Blind Bird,1
BANDAI NAMCO Studios Vancouver,1
Hipster Whale,1
3 Sprockets,1
the whale husband,1
UnexEvo,1
Kastriot Sulejmani,1
Logan Gerrol,1
FlipSwitch Games,1
The_Kiddy,1
Blind Sky Studios,1
Chandler Rounsley,1
Michaela Laws,1
Outlands,1
DIMPS,1
Pixel Crow,1
–ù–æ—Å–∫–æ–≤ –°–µ—Ä–≥–µ–π,1
Skookum Arts,1
MAD Virtual Reality Studio,1
Tenth&Hess Games,1
ÂºÄÊ∞¥Â∑•‰ΩúÂÆ§,1
Digital Dawn Studios,1
Pixel Gangsta Studio,1
VGstudio,1
PIXOWL INC.,1
Pixel Maniacs,1
Nuno Donato,1
Kyrylo Kuzyk,1
Rebelephant,1
Minddesk Software GmbH,1
Doomster Entertainment,1
AK Games,1
Stitch Heads Entertainment,1
Sneaky Bastards,1
Wallpaper Engine Team,1
Wayward Prophet,1
Dharker Studios,1
The Revills Games,1
WeMade,1
VALOFE,1
Altfuture,1
Pixel Titans,1
"Orbital Speed Studio Co.,Ltd.",1
Electric Games,1
Wellore,1
DDD Wares,1
VR Designs,1
17Studio,1
Sekerin Productions,1
"Revival Productions, LLC",1
BrainGoodGames,1
Vertical Skull Games,1
Jerzie,1
Retro Army Limited,1
RMAL,1
Hanabira,1
Wastelands Interactive,1
3D2 Entertainment,1
WolfgangIs,1
Game Atelier,1
The Digital Village,1
Mega Dwarf Inc.,1
Nerial,1
Pixelatto,1
Deceptive Games,1
Mind Leak,1
Meteorise,1
Big Fish Games,1
Maverick Game Studio,1
Pixelsplit Simulations,1
Czester16,1
caiys,1
LKA,1
HumaNature Studios,1
Viridino Studios,1
Magenta Factory,1
Amistech Games,1
Pe–øtacle,1
ErayTek,1
Master Indie,1
Capricia Productions,1
Kyle Seeley,1
PlatinumGames Inc.,1
Tectonic VR,1
UL,1
Ogre Head Studio,1
Rutony Studio,1
Lorag Games,1
Anton Riot and Co,1
Ice Flames,1
DrinkBox Studios,1
Mattis Folkestad,1
Sunstorm Interactive,1
Grimnir Media,1
SnowFlame,1
Tort,1
Quite Different Mechanics,1
Nawia Games,1
"Oh, a Rock! Studios",1
Iron Lore Entertainment,1
Klace,1
Mode4,1
Japanime Digital,1
"Q Switched Productions, LLC",1
GRASSHOPPER MANUFACTURE INC.,1
PLAYISM,1
"CloudGate Studio, Inc.",1
Super Legit Games,1
Pablo Vidaurre Sanz,1
HandyGames,1
Samer Khatib (Snowconesolid Productions),1
Bigfingers,1
Halfbrick Studios Pty Ltd,1
VectorStorm Pty Ltd,1
2 Zombie Games,1
Onion Core,1
Bruno Bombardi,1
Alejandro Elizalde,1
Free Games Info,1
calme,1
KHB-Soft,1
No Stuck Game Studio,1
Gamepires,1
Chewa,1
SPVD,1
Matrix Games,1
Dmytry Lavrov,1
Dreamsite Games,1
Final Form Games,1
Randomnine Ltd,1
i273 LLC,1
Thibaud Michaud,1
Diminished Studios,1
OCCA Studios,1
A Crowd of Monsters,1
Stumbling Cat,1
MuHa Games,1
Qute,1
CyberphobX Ltd.,1
Unlok,1
Alexey Lavrov,1
Pyramid,1
Warhorse Studios,1
Golden Gear Games,1
Grey Alien Games,1
Clewcat Games,1
Ruxar,1
Brendon Pywell,1
Cardboard Robot Games,1
AQUIRIS,1
Boogygames Studios,1
Castro Brothers,1
Igor Krutov,1
Noah System,1
Mgame,1
Office 5656,1
Smarter Games,1
Kew McParlane,1
Hoplon,1
Licorice,1
Radical Fish Games,1
Sam Barlow,1
Spooky Doorway,1
Antagonist,1
Vladimir Kudelka,1
"Ubisoft Quebec, in collaboration with Ubisoft Annecy, Bucharest, Kiev, Montreal, Montpellier, Shanghai, Singapore, Sofia, Toronto studios",1
2 players,1
dustinaux,1
Lunar Ray Games,1
RAC7 Games,1
Yang Sun,1
Varkian Empire,1
Izyplay Game Studio,1
AKABEiSOFT2,1
Svaj≈´nas ≈Ωemaitis,1
AGC,1
Drixy Games,1
Steel Mantis,1
Tap It Games,1
Iteration 11,1
Creative Concepts,1
Novaq Games,1
Red Abyss Software,1
Bit Juggler,1
"KRAFTON, Inc.",1
The Lordz Games Studio,1
Kieffer Bros.,1
yfyx games,1
Freakinware Studios,1
Dreamloop Games,1
Modern Visual Arts Laboratory,1
Ivent Games,1
Numinous Games,1
Anuman Interactive / Microids,1
Koalabs,1
Teku Studios,1
PsychoDev,1
HA Studio Ltd.,1
Mastfire Studios Pty Ltd,1
Imaginary Monsters,1
Dreadbit,1
Penny McDonald,1
Spytihnƒõv,1
Bit Byterz,1
SEO INSEOK,1
R8 Games Ltd,1
Secret Sorcery Limited,1
eduweb,1
Blacklight Interactive,1
Zillion Whales,1
Creat Studios,1
tT Studios,1
OsarisGames,1
Toffee Games,1
JoyBits Ltd.,1
Leslaw Sliwko,1
Pilgrim Adventures,1
GrabTheGames Studios,1
David Capello,1
Digital Happiness,1
Very Simple Idea Studios,1
Neat Corporation,1
GemaYue,1
Infogrames Entertainment SA,1
The Foregone Syndicate,1
Anvil-Soft,1
Bulbware,1
CAPCOM,1
Nikhil. T,1
Gabriel. H,1
Wish Fang,1
Nimbly Games,1
Chris Johnson,1
Chris Larkin,1
ninjalex,1
Merixgames,1
Behold Studios,1
El Huervo / Niklas √Ökerblad,1
Tobias Sj√∂gren,1
"Oscar ""Ratvader"" Rydelius",1
Johannes Gotl√©n,1
ColePowered Games,1
NeocoreGames,1
Coffee Powered Machine,1
Flying Oak Games,1
Oliver Keppelm√ºller,1
HUSH Interactive,1
Barbedwire Studios,1
Anvate Games,1
CreSpirit,1
Giant Monkey Robot,1
Wallimog & Friends,1
Rail Slave Games,1
Seybul Tech,1
HOGO Games,1
"TOSE CO., LTD.",1
Pavel Leksin,1
chx games,1
AsicxArt,1
ILLGAMES,1
ICSTOR,1
Revolution Software Ltd,1
Spickasoft,1
Cat Society,1
A17 Games,1
Alperen Torun,1
Steel Arts Software Ltd,1
Kraken Studios,1
Tainted Pact,1
VisualPointG,1
Cowboy Toad Games,1
Antifreeze Games,1
Korvinrular,1
DarkLight Studio,1
Apparition Games,1
Moving Pieces Interactive,1
Bit Assembly,1
Abylight Barcelona,1
Oleg Danilov,1
XO_PROJECT,1
Mass Game Devs,1
Notional Games,1
"Ocean Drive Studio, Inc.",1
KDream,1
Story Machine Studios,1
White Blanket Games,1
Fox House,1
BlackLight,1
Mini Fun Games,1
Stigma Studios,1
Underground Studio,1
Jimi Games,1
Deathyell Games,1
Emberforge,1
Odd Bug Studio,1
Irox Games,1
Kud,1
Postmodern Adventures,1
Lewdlab,1
TopHouse Studio,1
K-D Lab,1
Hanki Games,1
NWO Wars Team,1
Polished Games,1
Exbyte Studios,1
Ë∂ÖÂéöÁöÆÁå™Áå™ Ultra Piggy Studio,1
Lizardry,1
"ENTERGRAM,INC.",1
KiwifruitDev,1
„Å®„Å£„Åè„ÇäÊµ∑Êúà,1
e-Jade,1
HGISoft,1
dovganovskiy,1
Chowbie,1
Catnip studio,1
RAJACORP,1
StrelitziaGames,1
ÊàëÁöÑÂêåÂ±ÖÂ•≥Á•ûÁ´üÊòØÂ∞èÂß®Â≠ê,1
Valefor Ltd,1
Terletski Games,1
RIKANIMATION,1
Seal,1
PB Studio,1
Mark Ffrench,1
No Ceiling Games,1
Toorai,1
Sphere Studios,1
Papertip Studio,1
EE GAMES,1
INGAME STUDIOS,1
Free Range Games,1
Lunisky Studio,1
Alkinoy,1
Madosoft,1
"Jackbox Games, Inc",1
Kekdot,1
Rayll Studios,1
EXPERIMENT ONE,1
Baumann Bergmann Pokinsson,1
Jan Baumann,1
02 studios,1
Simon Au Yeung,1
Âø´Ê®ÇÊÄ™Áâ©,1
Chreseeba Games,1
TAIL-AKI,1
Ells&Pills,1
Vioser,1
PiHoEntertainment,1
PUNKCAKE D√©licieux,1
HiKing Mind Studio,1
Plebeian Studio,1
James Dornan,1
MLMEDIA,1
TDGame Studio,1
Ë∞≠Êµ©Áøî,1
Safe Flight Games,1
Joey Schutz,1
Nementic Games,1
Evil Empire,1
Cr3 Studio,1
Tsukuyomi,1
Jasozz Games,1
Pixel Forge Games,1
EA Pacific,1
Lust Desires üñ§,1
Wave Ecstacy,1
Kanmidoko (Á•ûÊµ∑Âá¶),1
OPT Studio,1
Frinky,1
Frosty,1
Evil Goose Games,1
Arpentor Studio,1
Team R.P,1
Stardust Light Studio,1
Galactic Workshop,1
Cordyceps Collective,1
Ubisoft D√ºsseldorf,1
EY-Studio,1
CCM,1
Prikol Team,1
MadBug,1
Medallion Games,1
Cannibal Goose,1
Cassel Games,1
Sobaka Studio,1
JanduSoft,1
Eric Rodr√≠guez,1
Robot Assembly,1
Habupain,1
1UP Games,1
Breakfirst Games,1
CROSSRED,1
So Peculiar,1
GameToTop,1
Orgesta Inc.,1
D-Pad Studio,1
Tour De Pizza,1
Team Crucible,1
Phantasmica Studios,1
Secret Exit Ltd.,1
Rebound CG,1
ARTcelerator,1
Flipline Studios,1
Falling State Inc.,1
Sunpeak Games,1
Lost Sock Studio,1
Bloodbath Studios,1
Thigh High Games,1
Knifes,1
Fuzz Force,1
David Moralejo S√°nchez,1
Skaule,1
5minlab Corp.,1
Core Engage,1
Llamamann Games,1
Tape Corps,1
Yannick,1
smellymoo,1
Wikkl Works,1
Two Point Studios,1
Wingjoy Games,1
Shmoops Games,1
Chosuido,1
Ë∂ÖÊ∞¥ÈÅì,1
Manic Mice,1
Stratera Games,1
Pounce Light,1
Mike Bushell,1
BlackMark Studio,1
Studio HK,1
Norb Software Development LLC,1
Happy Monster Studio,1
ichbinhamma,1
Lunar Chili,1
Nicholas McDonnell,1
Ivy Sly,1
BLOCK 211,1
VaMP He,1
Boring Games,1
Cobra Byte Digital,1
Fifth Harbour Studios,1
4rtisans,1
Spellgarden Games,1
Orcsoft,1
Gyno Games,1
Zounoashi Games,1
Fogime,1
Crustacean Interactive,1
Standable,1
Caleb Wood,1
potentknight,1
Monster Eye Games,1
game54 Software,1
XSSPACE,1
Thunderful Development,1
fuzz Inc.,1
Exalted Studio,1
UT STUDIO,1
8BitSkull,1
Feel Free Games,1
BOA,1
Goba,1
Baltoro Games,1
L7team,1
The Nameless Epic,1
Guerrilla,1
GNT BOKUJO,1
The Growing Stones,1
Quadruple-Q,1
7th Door,1
Micha≈Ç Wikli≈Ñski,1
axilirate,1
Turn 10,1
85 Plus Games,1
Game Science,1
Mad Silver Lab Games,1
The Spiteful Games,1
Night Signal Entertainment,1
Mikael Bihl,1
Yusuf Islam Seyhan,1
Samet Acar,1
Steel Games,1
ginolabo,1
Shiv,1
Surgent Studios,1
Nexile,1
Keep Games,1
penusbmic,1
[2.21],1
SBN3,1
Get(Color) Games,1
Matej 'Retro' Jan,1
CleverRaven,1
ACE ENTERTAINMENT,1
JANS Dev Team,1
Zojoi LLC.,1
GrahfMetal,1
Luke Muscat,1
Planescape Game Studio,1
MiniWhale,1
Good Mood Games,1
Notorious Studios,1
Lemma Arts,1
MV JPL,1
Jakai,1
ATRIC Games,1
Fushidaratei,1
Hinterland Mood,1
Sunlight Games,1
Big Finish Games,1
Lightmare Studio,1
Ludosity,1
Remar Games,1
"Armature Studio, LLC",1
TT Fusion,1
Suspicious Developments,1
"Dracue, Co. ltd",1
Turtle Rock Studios,1
Loren Lemcke,1
Volition Inc.,1
Volition Inc,1
Ovilex Software,1
Reality Twist GmbH,1
KADOKAWA GAMES / GRASSHOPPER MANUFACTURE,1
Tomasz Wac≈Çawek,1
Vagabond Dog,1
Tendershoot,1
A Jolly Corpse,1
Stellar Jockeys,1
Gausswerks,1
Acid Wizard Studio,1
"Laser Guided Games, LLC",1
Michael Brough,1
GRIP Digital s.r.o.,1
JForce Games,1
Digital Confectioners,1
Rob Howland,1
Code Force,1
JoWooD Vienna,1
Impromptu Games,1
DigitalDNA Games LLC,1
Crazy Viking Studios,1
Atooi,1
Rising Star Games,1
The Tiniest Shark,1
Keen Games,1
Clickteam,1
Nifflas' Games,1
North of Earth,1
Dekovir Entertainment,1
Firedance Games,1
Biart Company LLC,1
Nabi Studios,1
KillHouse Games,1
WhiteMoon Dreams,1
Mindware Studios,1
Final Boss Entertainment,1
Worthless Bums,1
TREASURE,1
grapefrukt games,1
Topware Interactive,1
Toontraxx Studios,1
Starbreeze,1
Mimimi Games,1
The Collective,1
Ubisoft Sofia,1
Scientifically Proven,1
Digital Leisure Inc.,1
WizarBox Production,1
Pure FPS,1
Primal,1
Lost Decade Games,1
Blue Mammoth Games,1
Glacicle,1
Digital Tentacle,1
Never Don't Play,1
Mastertech,1
"IDEA FACTORY Co., Ltd.",1
"COMPILE HEART Co., Ltd.",1
"FELISTELLA Co., Ltd.",1
PestoForce,1
"Marauder Interactive, LLC",1
MEGAFUZZ,1
Sir-Tech,1
Madlab Software,1
Infogames Europe SA,1
Easy Co,1
Aldorlea Games,1
Pixel Night,1
VIS - Visual Imagination Software,1
Starfish-SD Inc,1
Altar Interactive,1
Sebastien Bini,1
Coronado Games,1
Eutechnyx,1
Zootfly,1
Fly System,1
Studio Pixel,1
Utopian World of Sandwiches,1
Kumobius,1
Paul Marrable,1
Blind Mind Studios,1
Nvizzio Creations,1
GolemLabs,1
Enter Skies,1
Lince Works,1
Midgar Studio,1
Fusty Game,1
Vigilant Addiction Studios,1
Coldrice Games LLC,1
Siege Games,1
Doragon Entertainment,1
WRF Studios,1
Krita Team,1
Krita Community Contributors,1
Serious Bros.,1
Yuisy,1
Creazn Studio,1
Phoenix Game Studio,1
3f Interactive,1
Supersonic Software,1
GameORE,1
Burut CT,1
Computerhouse,1
Strategy First,1
Third Wire Productions,1
Blackbird Interactive,1
Gojira,1
Bojan Brbora,1
SITER SKAIN,1
Dreamworlds,1
GRIN,1
Studio Bean,1
Arkavi Studios,1
Puck Redflix,1
Unicorn Games Studio,1
InterWave Studios,1
Brian Cronin,1
Dialogue Design,1
Spicy Horse Games,1
Reactor Zero,1
Sidhe,1
Day 1 Studios,1
Ubisoft Reflections,1
Cyanide Montreal,1
United Front Games,1
BUGBEAR,1
Gas Powered Games,1
"Hassey Enterprises, Inc.",1
U.S. Army,1
EA Los Angeles,1
Lizsoft,1
Bootsnake Games,1
Ino-Co Plus,1
Devil's Details,1
ASTRO PORT,1
Lionhead Studios,1
Capybara,1
Superbrothers,1
Jim Guthrie,1
Rockstar Studios,1
Eden Industries,1
Ty Taylor and Vega Casta√±eda,1
The Quantum Astrophysicists Guild,1
GameConnect,1
EA Redwood Shores,1
Eyebrow Interactive,1
Manodeix,1
Pantsu Productions,1
tiplay studio,1
PropilGames,1
ChuTouMiao Studio,1
lamedeveloper,1
JacksonG13,1
Adam Travers,1
Alexander Perrin,1
KwaKwaGames,1
DarkPhobia Games,1
AnomalyGuys,1
Purple Heads Games,1
Mateusk2m,1
Nachosama Games,1
BioWare,1
TWEN,1
Frontier,1
Planet Moon Studios,1
Sick Puppies,1
Deepred,1
Bugbear Entertainment,1
Muzzy Lane,1
Artematica Entertainment,1
Most Wanted Entertainment,1
Mithis Games,1
BlackFoot Studios,1
Hi-Rez Studios,1
DICE,1
Ronimo Games,1
Rocket Bear Games,1
"Vblank Entertainment, Inc.",1
droqen,1
Nadeo,1
Hello Games,1
Going Loud Studios,1
Iron Tower Studio,1
Colin Northway with art by Thomas Shahan,1
Brightrock Games,1
Senscape,1
Metanet Software Inc.,1
Giant Army,1
Geniaware Srl,1
Zombie Studios,1
Theresa Duringer,1
Pete Andstadt,1
Threaks,1
Ironclad Games Corporation,1
"Olli Harjola, Otto Hantula, Tom Jubert, Carlo Castellano",1
Cardboard Computer,1
Santa Ragione,1
Mousechief,1
Lucas Pope,1
Beau Blyth,1
Doseone,1
Ian Campbell,1
Greenheart Games üíö,1
DoubleBear Productions,1
Matt Cohen,1
Modern Dream,1
Ndemic Creations,1
FarmerGnome,1
Starbreeze Studios AB,1
Megadev,1
Polytron Corporation,1
Arkedo,1
Subset Games,1
New Star Games,1
Overhaul Games,1
SuperVillain Studios,1
Creative Assembly,1
Blendo Games,1
City Interactive,1
2x2 Games,1
Rogue Planet Games,1
"Level Up Labs, LLC",1
OVERKILL - a Starbreeze Studio.,1
5th Cell Media,1
"Acoustica, Inc.",1
Avatar Creations,1
][ Games Inc,1
ioneo,1
IonFx,1
LudoCraft Ltd.,1
Team Psykskallar,1
Ankama Games,1
Eagle Dynamics SA,1
Goldhawk Interactive,1
UL Solutions,1
No More Room in Hell Team,1
Compulsion Games,1
Robotronic Games,1
TreeNutsGames,1
Deafperv,1
SRS Games,1
Mike Monroe,1
Jam2go,1
KIWIWALKS,1
IKINAGAMES,1
Yakov Butuzoff,1
Team Soda,1
Stove Powered Games,1
Clockwork Acorn,1
Gniller,1
Santa Monica Studio,1
Jetpack Interactive,1
TECHHOME,1
WildMonkey,1
Cozy Village,1
Belief Engine,1
Altered Orbit Studios,1
All Possible Futures,1
NEOWIZ,1
Apphic Games,1
Sven Ahlgrimm,1
Mathilde Hoffmann,1
Bastian Clausdorff,1
Bosmic Forge,1
Bunstack,1
Redeev,1
Max Inferno,1
Buckshot Software,1
small bros,1
Serious Sim,1
Bloody Pixel Games,1
"Soft Not Weak, LLC",1
Murilobast,1
Bart Bonte,1
WONDER POTION,1
Hakababunko,1
fumi,1
The Poundry,1
Paper Promises Programming,1
perelesoq,1
"Asobism.Co.,Ltd",1
DeskClub Games,1
Bad Viking,1
Polychroma Games,1
Angry Cat Studios,1
Creatio 49,1
Lavaboots Studios,1
Wherry,1
1M Bits Horde,1
Molegato,1
Trickjump Games Ltd,1
Spyridon Thalassinos,1
"crim Co., Ltd.",1
Elementarium games,1
tha ltd.,1
Enhance,1
Owned by Gravity,1
TSUKURITE.,1
Revmatek,1
Jeminie Interactive,1
Cosmo Gatto,1
SukeraSparo,1
43 Studios,1
TrinityBJ,1
TLACHTLI,1
Onion Games,1
YiTi Games,1
DreamSkillz,1
Delirium Tremens Games,1
Keystone Knight,1
Studio Chien d'Or,1
Rain Games,1
CarloC,1
Callback,1
ln404,1
2Dynamic Games,1
Sunseeker Games,1
Nidal Nijm Games,1
Peace Blvd Games,1
F√°bio Fontes,1
751 Games,1
Star Drifters,1
MS GAMES,1
MK STUDIOS,1
Mockingbird Softworks,1
Twisted Corridor üëª,1
"FREE STYLE, Inc.",1
DUT Studio,1
Thin Line,1
NUU,1
Neotro Inc.,1
VODKAdemo?,1
Nornec,1
KPC,1
Softmind Ltd,1
The Pixel Hunt,1
Devm Games,1
Lance,1
Far From Home,1
13AM Games,1
Racjin,1
VeryBigDog,1
PinkySoul,1
Table 9 Studio,1
Punx Studios,1
Fireplace Games,1
ShiBoo!,1
ThorHighHeels,1
helpnode,1
011 Games,1
IronOak Games,1
3-50,1
Targon Studios,1
FRAME BREAK,1
Amplifier Studios,1
Electronic Arts - Tiburon,1
Scopely,1
Color Gray Games,1
Corbie Games,1
Westwood Studios,1
Lobotomy Software,1
Zenox,1
Skullcap Studios,1
Alblune,1
DuskDogStudio,1
Armchair History Interactive,1
Black Salt Games,1
Dreambyte Games,1
CubeCube Sports Ltd.,1
Andrew Ryan Henke,1
Matrioshka Games,1
ReÈõ∂Âêå‰∫∫Á§æ,1
Eric Thullen,1
Johnny Dale Lonack,1
Chaosmonger Studio,1
PUMPKIM,1
Little Beavers Games,1
Team L.U.R.Id Glow,1
IndieBug,1
"Grenoble Interactive, LLC",1
Hometopia Inc.,1
2pt Interactive,1
Fernando Araujo,1
Adam Dover,1
Bitrich.info,1
Mighty Yell,1
‰ªìÈº†Âä®Âäõ,1
Args Studio,1
Random Potion Oy,1
RPN Indie Developer,1
3D Realms,1
All in! Games,1
Isolated Games,1
Firesprite Ltd,1
Alioth Studio,1
Third Spirit Games,1
RainbowStudio,1
tox¬≤ interactive GmbH,1
TeaForTwo,1
Risa Interactive,1
Bit Rot,1
Mushreb Games,1
Nikita Kaf,1
Mountains,1
Astralis Games,1
Peakway Software LLC,1
DOG HOGGLER,1
Straight Back Games,1
Peachy Keen Games,1
Tense Games,1
Bulwark Studios,1
Toylogic Inc.,1
chengcong,1
Sakana Studios,1
"CarX Technologies, LLC",1
BatWorks Software,1
ISVR,1
Bytten Studio,1
Study Bunny Games LLC,1
Jonas Tyroller,1
AZAMATIKA,1
Clover Bite,1
Wishes Ultd.,1
Greg Lobanov,1
Alexis Dean-Jones,1
Lena Raine,1
Madeline Berger,1
A Shell in the Pit,1
Cleversan Games,1
The N Main Shop,1
SURT,1
OverPowered Team,1
ambai,1
Frozen Line,1
Andre Gareis,1
Remix Games,1
Devon Wiersma,1
Reality MagiQ,1
Silent Fox,1
Smug Marmot Studios,1
Thunkd,1
Screaming Bee,1
Sovietpunk 1991,1
Andrew Hussie,1
Codrin Bradea,1
"HYDE, Inc.",1
Dan Hathaway,1
"Softstar Technology (Beijing) Co., Ltd",1
Jinthree Studio,1
Anomaly Games,1
Goody Gameworks,1
DreamWay Games,1
NEO-C Productions L.L.C,1
Baba Nura,1
Siactro,1
Kids With Sticks,1
the last evil wizard,1
WildArts Games,1
Statera Studio,1
Studio Amateur,1
Demonheart Studios,1
Teravision Games,1
Vexan Studio,1
HONEYSOFT,1
LizardWish,1
One Gruel Studio,1
Dave Kap,1
Refactor Games,1
Nikita Ustinov,1
Nikolay Lazarev,1
Dume Games Studio,1
Geometa,1
Fourexo Entertainment,1
Disillusion Dev,1
Team OFK,1
Flying Panjandrum / „Åµ„Çâ„ÅÑ„Çì„Åê„Éë„É≥„Ç∏„É£„É≥„Éâ„É©„É†,1
ÈùíÂ≤õ‰∏âËÑöÁå´Â∑•‰ΩúÂÆ§,1
Action Square(STUDIO HG),1
Wayout Pictures,1
Posterity Entertainment,1
Aleksandr Turkin,1
Fivemid Studio,1
MyDearest Inc.,1
DRAGOLITE,1
Appnori Inc.,1
Flavourworks,1
Axan Gray,1
tons of bits,1
__Ja__ga__imo__,1
Family Devs,1
Abylight Studios,1
Actual Nerds,1
Primula,1
Brownmonster Limited,1
Cat Commandos,1
Omnis Rector Studios,1
HEIJUN,1
The Evergloom Team,1
Femdom Wife Game,1
ÁêâÁíÉËä±Á≥ñÂà∂‰ΩúÁªÑ,1
Garakowa Marshmallow,1
Terapoly,1
Sangwoon Jin,1
Arrowiz,1
Funselektor Labs Inc.,1
Lasengle Inc.,1
Hunex,1
Neon Doctrine,1
Dylan White,1
Magnum Scriptum,1
Traega Entertainment,1
Rapturous Studio,1
Bynine Studio,1
Polyarc,1
ÊªëÁ®ΩÂ∑•‰ΩúÂÆ§,1
Empress,1
Elf,1
Terrible Toybox,1
White Phantom Games,1
10tons Ltd,1
Game Smithing Limited,1
Disrate Studios,1
Max Fleet,1
Gample,1
Xekvera,1
LeJunesArt,1
Luis G. Bento,1
Zeldars Zone,1
Steelkrill Studio,1
makaroll,1
Studio Daimon,1
Evil Grog Games,1
ELEET GAMES,1
BKOM Studios,1
‰∏πÁæΩDward,1
gcBronze,1
QCF Design,1
Backhole,1
Brain Pump,1
DON'T NOD,1
Sky9 Games,1
Casus Ludi,1
Moonlab Studio,1
Sungame Studio,1
HappyTall Game,1
Tacty Studio,1
Hijiri Yuzuki,1
Daniel Lochner,1
Guidelight Games,1
LSP GAME,1
Circle Kurasuke Warehouse,1
Hidden Tower,1
SeaOrama,1
Xendra,1
Ana Pepper,1
Time Galleon,1
Panik Arcade,1
Star Garden Games,1
SG DEV,1
Jaklub,1
PALETTE-QUALIA,1
Stranga Games,1
Edgeflow Studio,1
Nuko Majin,1
Ulfsire,1
Nocturne Studio,1
Memorable Games,1
Team Vivat,1
Bogdan Rosca,1
Appci Inc.,1
Natsume Inc.,1
Â¢®È¶ôÂ¶ÇÊïÖ,1
Wolpertinger Games,1
Wabisabi Games,1
Avantgarden SRL,1
TUTGame,1
Studio Cut to Bits,1
Wenkly Studio Sp. z o.o.,1
Kunpo Games,1
Squeaks D'Corgeh,1
Cogware Games,1
Aaron McDevitt,1
Upstream Arcade,1
Stork Game,1
Bible Games,1
ArtistBOA,1
Ballistic Moon,1
pgWave,1
Big Blue Bubble,1
Space Colony Studios,1
Sengi Games,1
Team Samoyed,1
Dylan Bassett,1
Kinmoku,1
Perfect Day Studio,1
Absolutely Games,1
AIROTS,1
ÈùûÈ≠öÂ∑•‰ΩúÂÆ§,1
Team SNEED,1
Fiveamp,1
Lionel Marsden,1
HugoBDesigner,1
Olive Panda Studio,1
Traptics,1
Hitori De Productions,1
‰∏äÊµ∑„Ç¢„É™„ÇπÂπªÊ®ÇÂõ£,1
IguanaBee,1
UPLAY Basketball,1
LIGHTS ARE OFF LLC,1
Polyscape Inc.,1
TetraScope,1
Gravity Lagoon,1
Makoto Sanada,1
Teleopsia Games,1
FerriteLabs,1
SelianiDEV,1
BUCK,1
Antfood,1
HAMMER95,1
Popcannibal,1
BattleBrew Productions,1
Cat Play Studio,1
Electric Monkeys,1
Happinet,1
Kieran,1
Hotloop,1
CREATY,1
A44 Games,1
Scheme Street,1
Ranwog,1
Dead Pixel Productions,1
loonyware,1
1010 Games,1
DDreams Games,1
Evil Raptor,1
Woodland Development,1
Die of Death Games,1
Matrix,1
Team Instant Defeat,1
Artifex Parvus,1
Sinister Design,1
Innersloth,1
Robot Teddy,1
Notovia,1
KOJIMA PRODUCTIONS,1
Chicken Launcher,1
tinyBuild Riga,1
HULOTTE,1
Picorinne Soft,1
Long Jaunt,1
RegulusNSFW,1
Êë∏È±ºÁå´Â∑•‰ΩúÂÆ§,1
Nick,1
Red Square Games,1
MaouCat Studio / È≠îÁéãË≤ìÂ∑•‰ΩúÂÆ§,1
Rising Moon Games,1
Kiralice Sha,1
R's,1
Acute Owl Studio,1
ThirdPixel Interactive,1
Craft Theory,1
Wild Monkey,1
Igor Shalimov,1
SomeHumbleOnion,1
LostOneTeam,1
Drop Rate Studio,1
MystiveDev,1
Jukai Studio,1
Just Purkey Games,1
Resistance Games,1
Nukefist,1
Hardworker Studio,1
Rachan Neamprasert,1
MadLife Divertissement,1
Nightmare Studios,1
Poptropica,1
BunFan Games LLC,1
DID Games,1
HiWarp,1
Housemade Inc.,1
higopage,1
Heliodor,1
WildSphere,1
Bar Holographic Otaku,1
1BITDRAGON,1
Button Factory Games,1
Sinner's Lotion,1
Cortez Productions,1
Angry Mob Games,1
Motion Twin,1
LSJ Productions,1
Studio Ginkgo,1
Nacon Studio Milan,1
Ghosts,1
Hilltop Studios,1
Subcult Joint LTD,1
Undergrad Steve,1
Seedy Eye Software,1
„Åà„Åè„Åô„Åã„Çâ„Éº„Åö,1
Blankhans,1
Kruger & Flint Productions,1
FlyinDogs,1
Stanislaw Truchowski,1
German Bandera,1
Demagog Studio,1
Maru VR Productions,1
Blobfish,1
Bloober Team,1
Gridpop,1
TREBUCHET,1
Skydance Interactive,1
Bryce Summer,1
Ë∂£ÂìÅÂ†Ç(Hardcore Studio),1
Game Grumps,1
Cozy Game Pals,1
Sounding Stone / ËÄÅÂ•âÊØä,1
"Metalcat Interactive Co.,Ltd",1
MarpleGames,1
Midnight Munchies,1
AQUAPLUS,1
Topping Palette,1
ASK_GAMES,1
YSH BigDove,1
The Swordman Studio,1
Westwood Associates,1
Stormfront Studios,1
Falcon Development,1
Squid Developer,1
HeartCoreDev,1
Grounding Inc.,1
Naughty Dog LLC,1
Iron Galaxy Studios,1
Madison Karrh,1
Max Loh,1
RE:CODE,1
Newfangled Games,1
ASOBI,1
Hobo Cat Games,1
Cavemanon,1
FOZ,1
ElvNeko,1
GameStudio Inc.,1
KAI GRAPHICS INC.,1
Black Tower Basement,1
NEKOTOKAGE GAMES,1
SsmA,1
kouri,1
Acmore Games,1
