publisher,count
SEGA,55
Square Enix,52
THQ Nordic,45
Devolver Digital,43
Ubisoft,40
PLAYISM,36
Valve,30
Fulqrum Publishing,30
BANDAI NAMCO Entertainment,30
Bethesda Softworks,30
Sekai Project,30
Nacon,30
Electronic Arts,29
2K,26
Slitherine Ltd.,26
PlayWay S.A.,25
XSEED Games,24
Artifex Mundi,23
Activision,22
Iceberg Interactive,22
Paradox Interactive,22
Focus Entertainment,22
Daedalic Entertainment,22
Rebellion,22
"KOEI TECMO GAMES CO., LTD.",21
Disney,21
Xbox Game Studios,20
Gamera Games,20
tinyBuild,20
Conglomerate 5,20
"Marvelous USA, Inc.",20
Mango Party,20
Kagura Games,19
KOMODO,19
Microids,18
Nightdive Studios,17
ESDigital Games,17
505 Games,17
SA Industry,17
Mango Party News,17
"Spike Chunsoft Co., Ltd.",17
WhisperGames,16
Quiet River,16
Plug In Digital,16
Forever Entertainment S. A.,16
Raw Fury,16
Strategy First,16
Capcom,16
Milestone S.r.l.,16
Warner Bros. Interactive Entertainment,15
SNK CORPORATION,15
Team17,14
LucasArts,14
Gamersky Games,14
Headup,14
Deep Silver,14
indie.io,13
Feral Interactive (Mac),13
PQube,13
Lucasfilm,13
GrabTheGames,12
8Floor,12
Playmeow,12
Humble Games,12
Armor Games Studios,12
Winged Cloud,12
MangaGamer,12
Playmeow News,12
Galactic Geckon,12
Octo Games,12
Bandai Namco Entertainment,12
Kalypso Media Digital,12
Team17 Digital Ltd,12
Curve Games,11
Neon Doctrine,11
Back To Basics Gaming,11
Maple Whispering Limited,11
Annapurna Interactive,11
Dear Villagers,11
RewindApp,11
New Reality Games,10
Arc System Works,10
OTAKU Plan,10
Assemble Entertainment,10
Crystal Dynamics,10
Topware Interactive,10
Maximum Entertainment,10
HandyGames,10
Goblinz Publishing,10
Aerosoft GmbH,9
Lovely Games,9
Warner Bros. Games,9
Walter Machado,9
United Independent Entertainment,9
HypeTrain Digital,9
"CAPCOM Co., Ltd.",9
DANGEN Entertainment,9
Choice of Games,9
GirlGames,8
Surefire.Games,8
Fellow Traveller,8
Hosted Games,8
Idea Factory International,8
Ziggurat,8
Valkyrie Initiative,8
Frontwing USA,8
Feral Interactive (Linux),8
KuKo,8
Stardock Entertainment,8
DSGame,8
PID Games,8
Twin Sails Interactive,8
Klei Entertainment,8
Shiravune,8
Volens Nolens Games,8
DreadXP,8
Ghostlight LTD,8
Untold Tales,8
Sometimes You,8
Digital Tribe,7
Deck13,7
astragon Entertainment,7
SC Jogos,7
Apogee Entertainment,7
Kalypso Media,7
Movie Games S.A.,7
Wales Interactive,7
Alawar,7
MicroProse Software,7
Marvelous,7
"NIS America, Inc.",7
Funbox Media Ltd,7
Critical Bliss,7
PlayStation Publishing LLC,7
Frictional Games,7
Good Shepherd Entertainment,7
KONAMI,7
PsychoFlux Entertainment,7
IndieArk,7
2P Games,7
Chilla's Art,7
Atari,7
ACG creator,7
The Behemoth,6
Frozen District,6
IR Studio,6
Telltale Games,6
Cherry Kiss Games,6
"Jackbox Games, Inc.",6
Funcom,6
Beamdog,6
qureate,6
Gearbox Publishing,6
Finji,6
ANPA.US,6
Versus Evil,6
indienova,6
SOFTSTAR ENTERTAINMENT,6
Gotcha Gotcha Games,6
Larian Studios,6
WayForward,6
Bohemia Interactive,6
Pixeljam,6
Telltale,5
Alawar Casual,5
GSC World Publishing,5
Chubby Pixel,5
Serenity Forge,5
Hook Games,5
Fireshine Games,5
My Way Games,5
Marvelous Europe,5
430Games,5
"INTI CREATES CO., LTD.",5
Snail Games USA,5
Interplay Entertainment Corp.,5
Alientrap,5
Humongous Entertainment,5
NukGames,5
CI Games,5
KishMish Games,5
NEOWIZ,5
Clarus Victoria,5
HeroCraft PC,5
Randumb Studios,5
Croteam,5
Akupara Games,5
Frozenbyte,5
DLsite,5
Double Fine Productions,5
Tongu√ß Bodur,5
Prime Matter,5
Games Operators,5
Henteko Doujin,5
Acram Digital,5
Giants Software,5
Coconut Island Games,5
Kepler Interactive,5
Minimol Games,5
LewdLoco,5
Samurai Punk,5
Application Systems Heidelberg,5
Oddworld Inhabitants,5
Hyperstrange,5
Erabit,5
Rosa Special Studio,5
Might and Delight,5
Senpai Studios,5
Thunderful Publishing,5
Wadjet Eye Games,5
11 bit studios,5
Hawthorn Games,5
CreativeForge Games,4
Skybound Games,4
Frozen Way,4
INSTINCT3,4
Kasedo Games,4
Zoo Corporation,4
Stress Level Zero,4
Crytek,4
Sixteen Tons Entertainment,4
Mature Games,4
Astrolabe Games,4
Rusty Lake,4
GameHouse,4
Yacht Club Games,4
Pirates Of The Digital Sea,4
GameMill Entertainment,4
The Arcade Crew,4
Kitfox Games,4
Toplitz Productions,4
SOEDESCO,4
JAST,4
IllFonic Publishing,4
Hitcents,4
Whitethorn Games,4
aNCHOR Inc.,4
Chucklefish,4
Kazakov Oleg,4
Yogscast Games,4
eTIRUe,4
NekoNyan Ltd.,4
Ghost_RUS Games,4
Wired Productions,4
GDNomaD,4
Silver Lining Interactive,4
"USERJOY Technology Co.,Ltd.",4
Strange Scaffold,4
Room710Games,4
Anatoliy Loginovskikh,4
Lightning Games,4
D3PUBLISHER,4
K Bros Games,4
Fast Travel Games,4
Aniplex Inc.,4
Rogueside,4
room6,4
Feodosiy,4
072 Project,4
Interplay Inc.,4
Ravenage Games,4
Secret Mode,4
Fruitbat Factory,4
"FromSoftware, Inc.",4
Milkstone Studios,4
Ravenscourt,4
Eversim,4
Feral Interactive (Mac/Linux),4
Tripwire Interactive,4
Aspyr,4
WB Games,4
Frogwares,4
Knuckle Cracker,4
Size Five Games,4
Nival,4
"Dejobaan Games, LLC",4
Tripwire Presents,3
Vaka Game Magazine,3
Bloober Team SA,3
Jetdogs Studios,3
Konnichiwa Games,3
Reiza Studios,3
"Rogue Games, Inc.",3
Kavkaz Sila Games,3
PixelGreeds,3
Stray Fawn Publishing,3
Mode 7,3
Retroware,3
Cotton Game,3
Bandai Namco Entertainment Inc.,3
Devcats,3
"Nicalis, Inc.",3
RockGame S.A.,3
FreeMind S.A.,3
SakuraGame,3
7DOTS,3
Playsaurus,3
No.25,3
HeartBeat Games,3
Ripstone,3
TimeGate Studios,3
Silver Lemur Games,3
Broken Rules,3
SUPERHOT PRESENTS,3
Hunny Bunny Studio,3
TAITO CORP.,3
CD PROJEKT RED,3
Survios,3
Zen Studios,3
HeR Interactive,3
Blue Isle Publishing,3
Playstack,3
Entropy Digital Entertainment,3
Outright Games Ltd.,3
Spiral Up Games,3
SNEG,3
Black Lime Studio,3
Adult Swim Games,3
S.C. 16 BIT NIGHTS S.R.L.,3
Lil Hentai Games,3
Flyhigh Works,3
Endless Loop Studios,3
N4bA,3
Stoic Studio,3
Game-Labs,3
Digerati,3
WSS playground,3
HIKARI FIELD,3
Hamster On Coke Games,3
Whale Rock Games,3
DRAGO entertainment,3
Super Rare Originals,3
Coffee Stain Publishing,3
Tate Multimedia,3
Abylight Studios,3
Secret Labo,3
Analgesic Productions,3
FreezeNova,3
rondomedia GmbH,3
Anotherindie,3
MoeNovel,3
AtomTeam,3
Hooded Horse,3
Raptor Claw Games,3
Millendream,3
QUByte Interactive,3
Bithell Games,3
Anshar Publishing,3
Torture Star Video,3
RunServer,3
INDIECN,3
inXile Entertainment,3
Toge Productions,3
Temple Gates Games,3
Stately Snail,3
HandMade Games,3
Crian Soft,3
L. Stotch,3
Doyoyo Games,3
"Kairosoft Co.,Ltd",3
Shiro Games,3
Fatshark,3
raptor lab,3
NVLMaker,3
Alice Publication,3
Vladimir Maslov,3
Zeboyd Digital Entertainment LLC,3
BANDAI NAMCO Entertainment Europe,3
No More Robots,3
Perverse Games,3
Running With Scissors,3
Gagonfe,3
Laush Studio,3
SUPERHOT Team,3
Excalibur Publishing,3
Marmalade Game Studio Ltd,3
"Arcen Games, LLC",3
Mihai Morosanu,3
Landfall,3
Awesome Games Studio,3
BottleCube inc.,3
Krome Studios,3
Snowbird Games,3
Crytivo,3
Choice Provisions,3
Illwinter Game Design,3
MAGIX Software GmbH,3
Eternal Alice Media,3
"PopCap Games, Inc.",3
Firesquid,3
Out of the Park Developments,3
FM Studio,3
Axis Games,3
Games Incubator,3
SimBin,3
bilibili,3
Haemimont Games,3
id Software,3
Rockstar Games,3
Missing Link Games,3
Tribute Games Inc.,3
Phoenixx Inc.,3
Joe Richardson,3
Sokpop Collective,3
3D Realms,3
Dingo Games,3
Unbound Creations,3
Game Factory Interactive,3
BanzaiProject,3
‰∏úÊ∏∏Èâ¥,3
‰∫åËâ≤ÂπΩÁ¥´Ëù∂,3
Lonely Troops,3
Gaijin Games,3
WildTangent,3
Positech Games,3
DnS Development,3
Toffee Cafe,3
Firestoke,3
TinyHat Studios,3
Missing Calm,3
Puppygames,3
0 Deer Soft,3
David Szymanski,3
Lewdonymous,3
Techland Publishing,3
Big Fat Simulations Inc.,3
Retrovibe,3
Green Man Gaming Publishing,3
KISS ltd,3
Blazing Griffin,3
FIVE-BN GAMES,3
Tale of Tales,3
Digital Bandidos,3
Keen Software House,3
Minicactus Games,3
"CAPCOM CO., LTD",3
Relic Entertainment,3
Hanako Games,3
Antonio Renna,2
Abyte Entertainment,2
Big Fan Games,2
Oxymoron Games,2
Simon Eftestol,2
Cyan Worlds Inc,2
Pretty Soon,2
Cats Who Play,2
Libredia Entertainment,2
Clouded Leopard Entertainment,2
GameDev.ist,2
Gustav,2
Nupu Neko Dev,2
ÂÜ∑Á¨ëÈªëÂ¶ñ,2
Notex,2
Dieselmine,2
"Monster Games, Inc.",2
Split Light Studio,2
Robert Alvarez,2
Crimsonite Games,2
AMC Games,2
Snail Games,2
The Iterative Collective,2
owlyboi,2
Muse Games,2
Poking Water Games,2
npckc,2
Live Motion Games,2
346lab Localization,2
Narko Games,2
Big Ant Studios,2
IHM Studio,2
Love Conquers All Games,2
Charles Games,2
Stuffed Wombat,2
Atomic Jelly,2
MyACG Studio,2
Accelerate Games,2
"Truant Pixel, LLC",2
Zachtronics,2
Alexander Taylor,2
mino_dev,2
"CFK Co., Ltd.",2
Maciej Targoni,2
Focus Home Interactive,2
Every Single Soldier,2
SmashGames,2
Merlion Games,2
DuaWolf Studio,2
Failbetter Games,2
Visualnoveler,2
Nitrome,2
Galaktus,2
Matt Glanville,2
Alexander Goodwin,2
Very Very LITTLE Studio,2
Ëá¥ÊÑè,2
"CAPCOM CO., LTD.",2
Sanuk Inc.,2
Hound Picked Games,2
PixelMouse,2
Flazm,2
AneaGames,2
Crytek ,2
Reborn Entertainment,2
Overflow,2
AGM PLAYISM,2
üöÄ Raiser Games,2
Joystick Ventures,2
GSC Game World,2
Flippfly LLC,2
Phat Phrog Studios,2
Crunching Koalas,2
Neoclassic Games,2
indie_games_studio,2
YETU GAME,2
META Publishing,2
Rogue Duck Interactive,2
Biggus Diccus Games,2
Spry Fox LLC,2
DIGIDICED,2
Torn Banner Studios,2
Tora Creatives,2
Destructive Creations,2
Crackshell,2
ILLUSION,2
Reflect Studios,2
Uppercut Games Pty Ltd,2
ZOV GAME STUDIO,2
SmileBoom Co.Ltd.,2
Mango Protocol,2
Saber Interactive,2
ViNovella Games,2
Facepunch Studios,2
Kepler Ghost,2
Soldak Entertainment,2
CE-Asia,2
RIVERSIDE SPORTS,2
SkyGoblin,2
UpgradePoint,2
Ishtar Games,2
MorfeoDev,2
deadworld games,2
Pugware,2
Aspyr (Mac),2
Renka,2
ETime Studio,2
Offworld,2
Star Drifters,2
Y Press Games,2
Foolish Mortals Games,2
Redaster Studio,2
MoFunZone Inc,2
"Cygames, Inc.",2
Doctor Entertainment AB,2
Zai Studio,2
ÊñπÂùóÊ∏∏Êàè(CubeGame),2
Furry Dreams Lab,2
Frontier Foundry,2
"GungHo Online Entertainment America, Inc.",2
Interplay,2
AdroVGames,2
Digital Extremes,2
KIMIDORI SOFT,2
Nordcurrent Labs,2
Steamberry Studio,2
V Publishing,2
Subsoap,2
DMM GAMES,2
Shoot Girl,2
"Mono Software, Inc.",2
Agafonoff,2
NLT Media,2
SIG Publishing,2
Game Dynasty,2
‚àá,2
Mooneye Studios,2
PhillyGames,2
BattleGoat Studios,2
tobspr Games,2
Chainsawesome Games,2
Dotemu,2
Matthew Brown,2
Wide Right Interactive,2
Deceptive Games Ltd.,2
Madmind Studio,2
worm club,2
Innersloth,2
Drift Physics Crew,2
Chibig,2
Suncrash,2
Next Game,2
3dm_live_wallpapers,2
Zero Rock Entertainment,2
Ska Studios,2
PlayFirst,2
"TALESSHOP Co., Ltd.",2
Renderise,2
Awaken Realms,2
Leonardo Interactive,2
Brenton Wildes,2
Joey Drew Studios,2
Faerin Games,2
Handelabra Games Inc.,2
Sakari Games,2
EQ Studios,2
"What Pumpkin Games, Inc.",2
Dry Cactus,2
Screen 7,2
Frosty Pop,2
Nemesys Games,2
SimonCreative,2
Forthright Entertainment,2
Game for people,2
Another Indie,2
Madruga Works,2
Arc Games,2
ÁÜäÁ™ùdodox,2
HIKE Inc.,2
Jam,2
RuiXiao,2
Xelu,2
Those Awesome Guys,2
Geoff Keighley,2
Mixed Realms Pte Ltd,2
2 Left Thumbs,2
Smorb Software,2
Orube Game Studio,2
Noodlecake,2
State of Play,2
Crankage Games,2
Creepy Brothers,2
ÂáùÂÜ∞ÂâëÊñ©,2
Tranquility games,2
Drillhounds,2
AFBIK Studio,2
Oro Interactive,2
a1esska,2
Supergiant Games,2
Gamestorming,2
LostVolBytes,2
NEXT Studios,2
Jan Malitschek,2
Celeritas Games,2
Demolish Games S.A.,2
SCS Software,2
4Divinity,2
Sonderland,2
G-DEVS.com,2
"Gaslamp Games, Inc.",2
Yangyang Mobile,2
Zulubo Productions,2
HappyGames,2
Limited Run Games,2
Pillow Fight,2
East2West Games,2
Crema,2
KPL,2
Eastasiasoft Limited,2
2pt Interactive,2
Novel,2
Erik Sved√§ng AB,2
rokaplay,2
Eastshade Studios,2
Light Up Games,2
Stunlock Studios,2
yokaze,2
Stas Shostak,2
BRUTAL SOFTWARE,2
Digital Dragon,2
MIGI STUDIO,2
Colorgrave,2
Nukearts Studio,2
Supra Games,2
JanduSoft,2
 DigitalDream,2
Behaviour Interactive Inc.,2
Robot Entertainment,2
Ironhide Game Studio,2
Windforce,2
Robot Gentleman,2
Haydee Interactive,2
Shiver Games,2
Vertigo Gaming Inc.,2
Cherry Pop Games,2
Starbreeze Publishing AB,2
David Wehle,2
Bonus Stage Publishing,2
Dylan Fitterer,2
Lupiesoft,2
Creative Storm Entertainment,2
Mighty Rocket Studio,2
Pyrodactyl,2
Brace Yourself Games,2
Cosmi Valusoft,2
LightOn Game,2
Linked Squad,2
Spearhead Games,2
Snow Cannon Games,2
Jagex Ltd,2
Expansive Worlds,2
Night School Studio,2
Kittehface Software,2
Topware Interactive ACE,2
Carbon Games,2
SnoutUp,2
Edmund McMillen,2
OhNoo Studio,2
"Black Chicken Studios, inc.",2
Moonlit Works,2
SMG Studio,2
Fractale,2
Marjupi Games,2
Digital Cybercherries,2
„Åè„Åù„ÅÑ„Çµ„Ç§„Éà,2
ACE,2
Nuuvem Inc,2
Caveman Studio,2
Dumativa,2
Image Space Incorporated,2
Nomad Games,2
Travellin Cats,2
EpicDream Games,2
Admia,2
No Goblin,2
Techland,2
Hi-Rez Studios,2
Razzart Visual,2
Edigger,2
GATO STUDIO,2
Filament Classic,2
Longbow Games,2
Dymchick1,2
ForwardXP,2
Marcelo Barbosa,2
ININ,2
Ubisoft Entertainment,2
Storm in a Teacup,2
App Holdings,2
Nikita Kryukov,2
InterAction studios,2
Epic Games,2
Ultimate Games S.A.,2
Io-Interactive A/S,2
Little Green Men Games,2
ARTE France,2
Flying Interactive,2
GalaxyTrail,2
Introversion Software,2
Batterystaple Games,2
Furlough Games PBS,2
Tortuga Team,2
Jesse Makkonen,2
Vector Unit,2
2Play,2
Mayflower Entertainment,2
Sigyaad Team,2
Somi,2
Rising Star Games,2
Pixel vs Pixel,2
Chromatic Games,2
Culture Select,2
Northway Games,2
Arzola's,2
Redblack Spade,2
Avalanche Studios,2
Vertigo Games,2
The Quantum Astrophysicists Guild,2
"Penny Arcade, Inc.",2
Saibot Studios,2
"KRAFTON, Inc.",2
Light of Creators,2
Aterdux Entertainment,2
Liu Lidan,2
Deep Root Interactive,2
Clique Games,2
Wargaming Group Limited,2
First Break Labs,2
Eidos Interactive Corp.,2
Neomateria Games GmbH,2
Weird and Wry,2
Euphoric Brothers,2
Digital Crafter,2
Blazing Planet Studio,2
neko.works,2
Wise Games,2
Crescent Moon Games,2
Diggidy.net,2
Circus Atos,2
Krealit,2
Poppy Works,2
Exquisite Games,2
Chasing Carrots,2
Feperd Games,2
HuniePot,2
Sierra,2
Hidden Path Entertainment,2
DYA Games,2
Chorus Worldwide Games,2
Gamera Game,2
GAMES FOR HUMANS,2
"Blizzard Entertainment, Inc.",2
Jason Godbey,2
Trese Brothers,2
Interactive Stone,2
Grinding Gear Games,2
Red Barrels,2
Tomorrow Corporation,2
Image & Form Games,2
D'Avekki Studios Ltd,2
Mossmouth,2
M2H,2
Digitalmindsoft,2
Dovetail Games,2
Beshbarmak games,2
Team Reptile,2
Rayll,2
Hyper Hippo Games,2
Young Horses,2
HopFrog,2
TyGAMES,2
Scavengers Studio,2
Phoenix Online Publishing,2
Panic Ensues Software,2
Fireproof Games,2
Airem,2
Yunus Ayyildiz,2
ClockWorkWolf,2
Green Lava Studios,2
ION LANDS,2
Bossa Studios,2
ANIPLEX.EXE,2
Humble Sage Games,1
Dancing Dragon Games,1
Studio 397,1
Fortell Games,1
Dangerous Derk Interactive,1
.ez Games,1
Pipliz,1
Wily Pumpkin,1
Novalink,1
Cat Nigiri,1
erm...,1
encurio,1
Infinite Dreams,1
ACE MADDOX,1
Victorian Clambake,1
"Playdek, Inc.",1
Scolaro Games,1
Ferullo Gaming,1
Arrow Face Games,1
Blender Foundation,1
Artisano,1
Slikey Games,1
Heartbit Interactive,1
Tero Lunkka,1
Retronic Games,1
IOA Games,1
Beatshapers,1
Parabole,1
Mega Crit,1
Rok Entertainment,1
Jarrod Brown,1
Tic Toc Games,1
Aleksandar Kuzmanovic Games Inc.,1
Magic Sandbox,1
Lienzo,1
Red Beat,1
Kronosaur Productions,1
Corpix Games,1
REX PEX GAMES,1
Weed Games,1
Rice Cooker Republic,1
Event Horizon,1
Hexage,1
Milky Tea Studios,1
Legend Studio,1
Levall Games AB,1
Play sp. z o. o.,1
Dogenzaka Lab,1
Gua,1
Everything Unlimited Ltd.,1
Mad Dog Games LLC,1
Valsar,1
Raptor Byte,1
DryGin Studios,1
Overhype Studios,1
Three Brothers Games,1
Tree Men Games,1
Evan Tognotti,1
Adam Spragg,1
Paul Schneider,1
LLC Intenzibne,1
Insane Dreamers,1
Develobster,1
Transcendent Games,1
Numantian Games,1
Volker Elzner,1
Cherry Co. Studios,1
Self Published,1
Tilting Point,1
Spiritus Games,1
CookieByte Entertainment,1
Atorcoppe Games,1
Ape Law,1
Fantasia Studio,1
tri-Ace,1
Ninja Kiwi,1
Lucasfim,1
Cornfox & Brothers Ltd.,1
"SUNFISH Co., Ltd.",1
Rude Ghost,1
Dev9k,1
Stairfall Institute,1
Bugbyte Ltd.,1
Charyb Games,1
Enlight Software Limited,1
tensixfour Digital,1
Indimo Labs LLC,1
Alkemi,1
Relax Minimalism,1
Atlant Games ltd,1
ebi-hime,1
Boxhead Bros.,1
Anarkis Gaming,1
astragon Sales & Services GmbH,1
Cimugames,1
Adamvision Studios,1
Devoga,1
Tom Johnson,1
Mastiff,1
Trendy Entertainment,1
DORE,1
Loftur Studio,1
InnoVision,1
RobTop Games,1
Subvert Games,1
JOYCITY,1
Look At My Game,1
Daniel Davies,1
Huw Millward,1
Howling Moon Software,1
GabberGames.com,1
Hydro Games,1
"CAPCOM Co., Ltd. ",1
Chris Hecker,1
[untitledDev],1
Indie Voyage,1
Ramjet Anvil,1
Aegon Games Ltd,1
PGN Inc,1
SIGONO INC.,1
TreeFortress Games,1
Manekoware,1
Electric Succubi,1
ONE MORE LEVEL,1
TURBOGUN,1
Viva Media,1
Romenics,1
AjiGohanGames,1
Malevolent Wormhole,1
Ê†™Âºè‰ºöÁ§æ„Éê„É≥„ÉÄ„Ç§„Éä„É†„Ç≥„Ç®„É≥„Çø„Éº„ÉÜ„Ç§„É≥„É°„É≥„Éà,1
Lighthouse Games Studio,1
"Parody Games, LLC",1
Rikodu,1
Tammeka Games,1
GameMill,1
Interactive Gaming Studios,1
THQ,1
Xitilon,1
Polygon Moon,1
Wicked Studios,1
Shape Shop,1
Advanced Interactive Gaming Ltd.,1
MDickie,1
Intostudio,1
Mountain Sheep,1
"S2 Games, LLC",1
Deco Digital,1
VINE,1
Bevel Studios,1
Deimos Games,1
Brandon Moore,1
Circle Five Publishing,1
erm...	,1
GameNet,1
U7 committee,1
Real Welders,1
Cliffhanger Productions ,1
Wishlist Games,1
Colorfiction,1
Snowrunner Games,1
Darkcross Games,1
Smoodlez,1
rdein,1
Big Kitty Games,1
Cheritz,1
B52 Development Team,1
Big Way Games,1
"BitFinity, Sunken Treasure Games",1
"Rockwell Studios, LLC",1
Game River,1
Progorion,1
SoftWeir Inc.,1
Chris McFarland,1
Pixellore Inc,1
TREON Games,1
Studio TeamShuriken,1
Ginormocorp Holdings Ltd,1
Gamily Studios,1
Odd Meter,1
Est√∫dio Vaca Roxa,1
LTG,1
Halfbus,1
Konfa Games,1
GuraShop,1
Pathos Interactive,1
Oasis Games,1
Attu Games,1
Random Seed Games,1
Nicolas Pierre-Loti-Viaud,1
Cheese Games,1
Horus Games,1
Walk Thru Walls Studios,1
Pleasant Rain Ltd,1
SD,1
Sad Horse studio,1
4Bit Games,1
Outerdawn,1
Targem Games,1
Tea & Cake Games,1
Picklefeet Games,1
Jake Huhman,1
gamigo US Inc.,1
"Bat Country Games, LLC",1
Hammer Glass Studio Inc.,1
Monkey Stories,1
Matt Roszak,1
ZOOM Platform Media,1
kChamp Games,1
RaveyLarge,1
Autumn Moon Entertainment,1
GameTrust Games,1
Mascot Entertainment,1
Retrific,1
Miyagi Games,1
Downpour Interactive,1
CP Decision,1
Pavel Jamal,1
Crystice Softworks,1
Noetic,1
Osmotic Studios,1
Clockwork Wolf,1
Fenix Fire Entertainment,1
Pewter Games Studios,1
Modern Wolf,1
Nova Dimension,1
Unusualsoft,1
Campfire Games,1
John Wizard,1
Evoluta Studio,1
Axel Sonic,1
AeroSoft GmbH,1
3Division,1
Ductape studio,1
The Game Bakers,1
D6,1
Sorath,1
ConcernedApe,1
Teotl Studios,1
Bitbox Ltd.,1
Qumaron,1
Addicting Games,1
Aleksandr Golovkin,1
Cartboard Games,1
Lasso Games,1
"Defy Media, LLC",1
Because I Can,1
"COLOPL, Inc.",1
Illeris,1
Avanquest Software Publishing Ltd,1
Scraping Bottom Games,1
Meerkat Gaming,1
ShadowBrain Games,1
Brain&Brain,1
Kajak Games,1
Bluebutton Games,1
Schmidt Workshops,1
ORiGO GAMES,1
On The Level Game Studios,1
Lazy Monday Ltd,1
Robert Weaver,1
SideFX,1
Kiddy,1
Kool2Play,1
Misc Games,1
FrameLineNetwork,1
Quixel,1
ImageCode,1
DuCats Games Studio,1
Activision Value Inc.,1
BigCheeseGames,1
HFM Games,1
Zenz VR,1
Balcony Softworks,1
Dan  Walters,1
"Oddworld Inhabitants, Inc.",1
Rake in Grass,1
Ninja Robot Dinosaur,1
Mikori Games,1
Arif Games,1
Outsider Games,1
Moltenplay,1
Caravel Games,1
100 Stones Interactive,1
Defiant Development,1
[OneManBand],1
Driven Arts,1
gnifrebel Games UG,1
Pirate Software,1
Armitage Games,1
Quantized Bit,1
Excalibur Games,1
Contingent99,1
Hearthfire Studios,1
Initiative Media,1
Boxelware,1
Profenix Studio SRLS,1
NEW AUDIO TECHNOLOGY,1
Grove Street Games,1
Magic Pixel Kft.,1
Dan_D,1
Evil Indie Games,1
Bitlock Studio,1
Butterflyware,1
Dreadlocks Ltd.,1
Silicon Jelly,1
Dreadlocks Mobile,1
Jonathan BRASSAUD,1
Winged Pixel Inc.,1
  Milestone S.r.l.,1
WOLCEN Studio,1
World Makers,1
Bromoco Games,1
Christian Reuter,1
Skatanic Studios,1
Elliptic Games,1
SONNORI Corp,1
Real Game Machine,1
Cosmographic Software,1
AceGamer Network,1
Mad Head Games ,1
IPACS,1
StormBringer Studios OU,1
JE Software,1
Indie Game Group,1
DeXP,1
J..Bowman,1
Grunge Games LTD,1
Pictopotamus,1
Faton,1
Demimonde,1
Maverick Games,1
Sinclair Strange,1
V3663L,1
Lichthund,1
Steven Colling,1
Pavel Zinchenko,1
Thylacine Studios LLC,1
REL Games,1
Adriaan de Jongh,1
Mechabit Ltd,1
IllusoryWorldEntertainment,1
Mercury Steam Entertainment s.l.,1
Code Horizon,1
Devespresso Games,1
Tuttifrutti Interactive,1
James Id,1
Sketchy Logic,1
Morteshka,1
Lucas Molina,1
Gaddy Games,1
Peach Pie Productions,1
Bandai Namco,1
Team HalfBeard,1
Stolen Couch Games,1
Atypical Games,1
 RandomSpin,1
Reconnect Software,1
Casioqu,1
Touwaku Studio,1
KomBits Game Studio,1
Smartly Dressed Games,1
Immortal Hand Studios,1
All Yes Good,1
Aggroblakh,1
Footprints Games,1
Pixel Federation,1
Sean O'Connor,1
GexagonVR,1
314 Arts,1
S√≥lfar Studios,1
Ionized Games,1
CORPTRON GAMES CORP.,1
Silver Moon Internet,1
Èì∂ÊúàÁΩëÁªú,1
Buddy Productions GmbH,1
BulatHard,1
Neokosmos Technologies Ltd.,1
Terrible Posture Games,1
Tungsten Games,1
Iced Lizard Games,1
Kyuppin,1
Bigzur Games,1
Pixel Hero Games,1
Daniele Ferraro,1
Playdead,1
nDreams,1
Cuddle Monster Games,1
Formslingers,1
Mommy's Best Games,1
8D Studio,1
The Voxel Agents,1
b-alive gmbh,1
Elven Workshop,1
Baggy Cat Ltd.,1
Hello There Games,1
Phoenix Interactive Studio,1
Jason Rohrer,1
Binary Fortress Software,1
Wolfiesoft,1
Mudpike,1
BisquitPlay,1
PT.farm Inc.,1
Denys Rudyi,1
studiocime,1
Panic,1
Washbear Studio,1
Systemic Games,1
N3V Games,1
Budget Friendly Entertainment,1
Campo Santo,1
Aether Studios,1
Tolga Ay,1
Triangle Studios,1
BlueLine Games,1
Bit Dragon,1
Quantic Dream,1
NetEase Games,1
1939 Games,1
Beam Team Publishing,1
Shark Punch,1
SEEP,1
Pera Games,1
LOVIGAME,1
Robot Invader,1
ULTRA ULTRA,1
Warballoon,1
Lemondo Entertainment,1
Bread Machine Games,1
"Impulse Game Studios, LLC.",1
Gravity Sketch Limited,1
IBOL,1
David OReilly,1
RocketWerkz,1
All Seeing Eye Games,1
Bigosaur,1
Ondrej Angelovic,1
Tabletopia,1
Roman Uhlig,1
Magnolia Art,1
Borealys Games,1
Trion Worlds,1
Digital Dreams Entertainment,1
Brixton Dynamics Ltd,1
Contours,1
Rendercode Games,1
The Munky,1
Myron Games,1
Koenigz,1
Drifter¬Æ,1
PolyKid,1
Triverske,1
BiscuitPlay,1
Xform,1
Phoenix_co,1
Crynosaurs,1
OP Productions LLC,1
Nominia,1
Hikergames,1
Spellbind Studios,1
Flox Studios ,1
Egosoft,1
EyeSpyda Games,1
Permadeath,1
Fridge,1
Up Multimedia,1
Casual Labs,1
Graviteam,1
Elf Games,1
Bankroll Studios,1
Bifrost Entertainment,1
RedCandleGames,1
Stw projects,1
Ziel Graywords,1
"INTRAGAMES CO., LTD.",1
Skunkape Interactive,1
Alberto Herrera,1
Mindfield Games,1
"team BitClub , Sunken Treasure Games",1
PixelTail Games,1
Vankrupt Games,1
Other Kind Games,1
Fireblade Software,1
landfall,1
Green127,1
ÊñπÂùóÊ∏∏Êàè (China),1
Nyamyam,1
Andymente,1
505 Games ,1
IO Interactive A/S,1
Thomas Moon Kang,1
Beautiful Glitch,1
Sunsoft,1
Northend Games,1
Sempiternal Rain,1
ÂÖªËõã‰∫∫ Egg Hatcher,1
Xeno Bits,1
Catthia Games,1
insertdisc5,1
199 Cents STUDIO,1
Black Flag Studios,1
Loopnova Studio,1
RA Studio,1
VR Storm Studio,1
Hot Chill,1
Mardonpol Inc.,1
Chii the Cat,1
Monomi Park,1
Burak Dabak,1
GoodOldMan Studio,1
PlaySurrounDead,1
ÁôΩÁéâ‰∫¨Â∑•‰ΩúÂÆ§,1
Seito Games,1
Mr. Vibin,1
AFOG,1
Mizotsuki Rail / acty,1
Octavia Blue,1
StudioGoupil,1
Keys to My Lockheart,1
The Knights of Unity,1
Remtairy,1
Flashpoint Studios,1
Vladimir Cholokyan,1
Gentleman Rat Studios,1
Ureasoft,1
Autumn Pioneer,1
Spinoff Games,1
GSC Game World (worldwide),1
SEGA (Japan),1
4divinity (China and South East Asia),1
AniYa Games Studio,1
YUKIUSAGI Games,1
Killer Bee Software,1
DigitalDream,1
Aeternum Game Studios S.L,1
Lawliet,1
Autumn Rain,1
The CoLab,1
Pixbits,1
North Modding Company AB,1
Overseer Games,1
Elda Entertainment,1
Laminar Research,1
Crater Studios,1
Yanako RPGs,1
Rascal Devworks,1
GreenGuy,1
Portland Caviar,1
Cozy Live,1
OKJOY,1
wormpod,1
SpaceOwl Games,1
SUNSOFT,1
Attainable Entertainment,1
MyDockFinder,1
Aggro Crab,1
Blaze Worlds,1
Triomatica Games,1
"Wx3 Labs, LLC",1
ChillyRoom,1
PurpleSloth,1
RudeFrog Studios,1
xXx_Skipper_xXx,1
Deakcor,1
Propulsive Games,1
Achromi,1
Chris,1
G1 Playground,1
Tann,1
digi.B,1
NAISU,1
Unseen Interactive,1
Monavista pub,1
2K Games,1
Hellforge Studios,1
WILD WITS,1
TamaMako gaming,1
Gravitysensation,1
Blue Brain Games,1
Wit Studio,1
ÈáçÊ•ºÂ∑•‰ΩúÂÆ§,1
feneq,1
BRINK XR,1
Thermite Games,1
Brilliant Game Studios,1
È¨ºË∞∑Â∑•‰ΩúÂÆ§,1
Black March Studios,1
Proxy Studios,1
Bit Golem,1
Team Carnal Instinct,1
Dicesuki,1
Gaming at Work,1
xRed Games,1
Kucki,1
Èõ∂ÂàõÊ∏∏Êàè(ZerocreationGame),1
Kwalee,1
HFTGames,1
Wataponno,1
Maze Theory,1
Inspire Game Studios,1
Toukana Interactive,1
Lemonade Flashbang,1
Lance Games,1
Resolution Games,1
Cape Cosmic,1
Eternal Lighthouse,1
Wolfi,1
Aegon Games,1
Hatinh Interactive,1
Teneke Kafalar,1
Ninth Exodus,1
4Co,1
KuKusFs Production,1
Bark Bark Games,1
LevelHead,1
Maze Theory Ltd,1
Dovetail Games - Fishing,1
Silken Sail Entertainment,1
GoGo Games Interactive,1
Clock Wizard Games,1
Kinda Brave,1
Moonana,1
Cyberdog Software,1
Cruise Elroy,1
Big Shield Games,1
Boom Team,1
Paleodev,1
Kulplant,1
Pippin Games,1
Sonzai Games,1
SeedWall,1
BerserkBoy Games,1
Slava Bushuev,1
Bandai Namco Entertainment Europe,1
Good Luck Games,1
Afterburn,1
inc.ZOFE,1
Syawase Works China,1
Madnetic Games,1
Momentum Games,1
Pinel Games,1
Helicopter Simulator,1
Playtonic Friends,1
YellowDuckWorks,1
TokuPop,1
Mitsuki Game Studio,1
Flying Oak Games,1
Team RUN,1
A-GUI,1
HorseGames,1
Gleamer Studio,1
TECOPARK,1
Extra Nice,1
UMKA Games,1
CatBellUnion,1
AplusGames,1
Santa Goat,1
yeswecamp,1
Victura,1
Tinzone Games,1
Orc Chop Games,1
Tanuki Creative Studio,1
Longplay Studios,1
Black Eye Games,1
KevTheDev,1
White Paper Games,1
MoonSongGames,1
Neos Corporation,1
ManaVoid Entertainment,1
Indie Asylum,1
turbolento games,1
Robin Nicolet,1
SHIGATAKE GAMES,1
HeadArrow,1
Yuliy Oneshko,1
S-Grade,1
Yodo1,1
Chraph,1
Saikey Studios,1
BG Productions,1
Cheese Burger Studio,1
HFRK,1
Dark Point Games,1
JBDXÂ∑•‰ΩúÂÆ§,1
UBISOFT,1
Graverobber Foundation,1
Mayni prod.,1
Umix Studios,1
NyakuGames,1
digimoss,1
TS GAMES LLC,1
Con No 1,1
Solecismic Software,1
R_Games,1
Pi Bit,1
Qooland Games,1
CTM,1
holo Indie,1
simonschreibt,1
Collarpill,1
Pink Pixel Games,1
"DRAGAMI GAMES, LTD.",1
Team Tetrapod,1
PixelCraze s.r.o.,1
Nokta Games,1
Dartisans,1
Naelstrof,1
FiftyEight Studios,1
Catos Game,1
Snowman,1
Kurultaic,1
LimboLane,1
MIROWIN,1
Featherweight Games,1
batcholi,1
FloDKSM,1
CarbonDaisy Entertainment,1
700 Games Studio,1
Dirty Adventures üñ§,1
Rainer Zufall,1
Clarity Games,1
Some Sugar Studio,1
Âù§ËàÜÁßëÊäÄ,1
zzzgame,1
Elegant Horse Studios,1
Bone Nail,1
Raptorsoft Games,1
Sordar Studios,1
MATTER GAMES,1
givanni pellegio,1
Solar Eclipse Games,1
rokaplay Bou¬∑tique,1
M for Mother,1
Science Interactive,1
TN Games,1
Moczan,1
Frozen Lake Software,1
Sting,1
Actus Games,1
Hoochoo Game Studios,1
KudPlay Games,1
Celestial Star Studios,1
Ashnell Games,1
Dovetail Games - TSW,1
NEGAFISH,1
PISHO,1
Black Sea Studios,1
Super Evil Megacorp,1
Cozy Asia Games,1
MarcialART,1
BOBER BROS,1
Vladimir Pliashkun,1
Ox Games,1
Serafini Productions,1
Play and Cum üí¶,1
RelvasDev,1
Tentakero,1
Miluku Inc.,1
QubicGames,1
Espada Inc.,1
Tasty Pics Studio,1
FireFly Studios,1
Hobofeller,1
Coach Apps,1
insomnia,1
02GAMES,1
Wet n' Juicy Games,1
Jeremy Couillard,1
Dreamlit inc.,1
Samobee Games,1
Leyo Games,1
PantyParrot,1
Team Terrible,1
Lesser Evil,1
Teneke Kafalar Spotlight,1
Advance Nine,1
I commissioned some series,1
Hitreg Studios ,1
2080 Games,1
JustTomcuk,1
NINEHECTARE,1
CakeDev,1
Live Wire,1
Artless Games,1
Twilight Sonata Studio,1
Loys,1
ViJuDa,1
Tissue Inu,1
foolsroom,1
 Brenntkopf Publishing,1
Mountain 81,1
EverCats,1
Next in Game,1
Oriol Cosp Games,1
Graffiti Games,1
Cinnamon Switch LLC,1
Grindstone,1
YooGame,1
Intelligible Games,1
Foursaken Media,1
Kakehashi Games,1
CellStudios,1
Wizard++,1
System Erasure,1
Spelkollektivet,1
Fractal Projects,1
BokiBoki Games,1
BokiBoki Game,1
Pixeled Vision,1
TTrickGames,1
PAIN PEPPER,1
HappyCreator,1
Quad Labs,1
Kiki Games,1
U.S.A. Games,1
MoreMoto Games,1
Samharia Studios,1
Veratrum,1
BogoSoft,1
Goblin Games,1
REVVALUTION Studio,1
GoonCorp Inc.,1
Swain Games,1
Andrii Prots,1
HeartBeat Plus,1
Tiny Flame Games,1
Eneida Games,1
ÊîªÂ£≥Ê∏∏Êàè Gamker Studio,1
MisterMaya,1
Team Rombo,1
BeXide Inc.,1
SM KING,1
BananaDogGames,1
Moment HK ,1
ÂøÉÁÅ´Ê∏∏Êàè,1
Michael Kamm,1
Tl√∂n Industries,1
Napas Torteeka,1
Refic Games,1
Pixel Purrfect,1
Annulus,1
Krillbite Studio,1
GAMER Plan,1
Spacezero Interactive,1
Shady Corner Games,1
P4 GAMES,1
Electro Soul Games,1
VisualArts,1
Cache of Bones,1
Flexible Media,1
Superacid,1
Sundew Studios,1
lamb of game,1
TheClassifiedX,1
KIRA,1
BigGame Publishing,1
Ape Apps,1
A List Games,1
Future Friends Games,1
StudioInkyfox,1
PinkPeach,1
Bear & Cat Studio,1
Inverge Studios,1
Pixel Error,1
Digicon,1
Poleaxe Games LLC,1
Aksys Games,1
Noble Games Studio,1
InvertMouse,1
Cyber Keks,1
Veewo Games,1
_Echelon Software,1
Zloy Krot Studio,1
ProYuga Advanced Technologies Ltd,1
Stuck In Attic,1
IceTorch Interactive,1
Vanl,1
Dimension 32 Entertainment,1
Tower Games,1
Belgerum,1
RYM GAMES,1
Ertal Games,1
"Tozai Games, Inc.",1
Zouking,1
ÂÜÖË¥≠‰∫∫ÁîüPABL,1
Ripened Peach Entertainment,1
EtherGaming,1
Secret Base,1
Loria,1
Edym Pixels,1
È¶ôÊ∏ØÂïÜÊ≤≥Ê¥õ‰∫íÂãïÂ®õÊ®ÇËÇ°‰ªΩÊúâÈôêÂÖ¨Âè∏,1
ÊñπÂùóÊ∏∏Êàè,1
JPEG OF PAIN,1
deviant.tech,1
Eagre Games,1
Tinogames Inc.,1
Âåó‰∫¨ÁΩëÂÖÉÂú£ÂîêÂ®±‰πêÁßëÊäÄÊúâÈôêÂÖ¨Âè∏,1
BOV,1
Webble Games,1
Alessandro Guzzo,1
 3dm_live_wallpapers	,1
Oracle and Bone,1
Slippy Floor,1
Camlann Games,1
OVALIS INVESTMENTS LIMITED,1
Mikola Games,1
September Games,1
Towndarktales,1
Crew Lab,1
Mirari&Co.,1
Juvty Worlds,1
Ludeon Studios,1
Spider Nest Games,1
ONBI,1
Butengo entertainment,1
Mildly Professional,1
Ê©ôÂÖâÊ∏∏Êàè,1
Draknek & Friends,1
"Ningbo Inception Media Co., Ltd. ",1
Julia Minamata,1
Cognoggin Games,1
Infogrames,1
Archiact,1
Totem Entertainment,1
AQUASTYLE,1
Catze,1
Seafloor Games LLC,1
Yiming,1
Funny Games,1
Wolf & Wood Interactive Ltd,1
CHEHRAZ,1
Dream Potion Games,1
Chute Apps,1
CggtGroup,1
Grease Monkey Games,1
Rafael Ben-Ari,1
Mythwright,1
NA Publishing,1
"24Frame,inc.",1
LOVE SYNERGY,1
Eren Aydin,1
CBC Games,1
Arcanum Team,1
Redwood,1
Adjective Animal,1
Snowcastle Games,1
Benjamin Soul√©,1
Guanpeng Chen,1
Hyper'sthene,1
Rejected Games,1
Sandbox Interactive GmbH,1
Team Jolly Roger,1
Advanced Interactive Gaming,1
Giant Games,1
TeamTOCH,1
Sandstorm Studios Inc.,1
Kube Games,1
Roope Tamminen,1
"Return To Adventure Mountain, LLC",1
Red Vibe Studio,1
Myou,1
WindyVerse,1
Egor Rezenov,1
Catland,1
Gaugepunk Games,1
Dystopia Interactive,1
Sony Music Entertainment (Japan) Inc. / UNTIES,1
Cairn4,1
MGG Studio,1
WWO Partners Ltd,1
 KEMCO,1
CrazyPrince,1
99Gamers Digital,1
Lapioware,1
Breaking Walls,1
Game Seer Ventures,1
Mateusz Skutnik,1
Trebuchet Entertainment LLC,1
Vincent Ltd,1
 Fazan,1
Feral interactive (Linux),1
Orbital Views,1
EO Interactive,1
AMG GAMES,1
Marvelous Inc.,1
Marvelous Europe Limited,1
W.T.B.,1
 Game for people,1
RhinoGearz,1
Lowe Bros. Studios LLC,1
Playway S.A.,1
Flat Chest Dev,1
UnholY CreatioN,1
unbeGames,1
Buckethead Entertainment,1
Emir Games,1
Breaking Dimensions,1
AAD Games,1
That Indie Studio,1
System 3,1
3DClouds,1
Eleventh Hour Games,1
Magnus Ander,1
Llamasoft Ltd.,1
Cydonian Games,1
Levsha,1
HeyBox Games,1
Ysbryd Games,1
Denside Studios,1
SiBear Games,1
TribeXR Inc.,1
Studio GPBeta,1
Brain Seal Ltd,1
lastgame,1
"AyDream Co., Ltd.",1
Sierra Lee,1
Clockwork Bird,1
Lilith Games,1
Kurenaibook,1
Wonderbelly Games,1
PiBoSo,1
Unknown Worlds Entertainment,1
XREAL Games,1
IEVO,1
Klabater,1
 Maciej Targoni,1
Pudding,1
Ashkandi,1
Feardemic,1
Hough Studio,1
DimnHouse,1
Geod Studio,1
Skyward Digital,1
oneoreight,1
Curious Planet,1
FRACTALCATZ,1
semiwork,1
SmashHammer Games,1
OTL GAME,1
Waku Waku Games,1
Wankil Studio,1
Ops Game Studio,1
Hero Concept,1
Studio Goya,1
Taichi Games,1
Average Games,1
Goodgame Studios,1
Burst2Flame Entertainment,1
Mana Potion Studios,1
CyDream,1
Hovgaard Games,1
Eggcode,1
Different Tales,1
Baby Stone Studios,1
Spooky House Studios UG haftungsbeschraenkt,1
EnDrew,1
Asteroid Game Studio,1
Rocketcat Games,1
NCSOFT,1
Neko Game,1
Click Games,1
Rarykos,1
Kurki.games,1
KO_OP,1
Applimazing,1
Laputa Labs,1
Lovely Games Hentai Club,1
Elasto Mania Team,1
Proton Studio,1
icefill,1
Draconia Dev Team,1
Guinxu,1
Red Nexus Games Inc.,1
Zodiacus Games,1
Banger Chasers,1
dietzribi,1
Nextgen Reality Pty Ltd.,1
CarlosGameDev,1
SimplePlan Studio,1
Henagames,1
scopatgames,1
Perfoon,1
City From Naught Inc.,1
idealCat,1
"Warrior General Games, LLC",1
Together Games,1
Winterlook Games,1
Baronnerie Games,1
MediaTale,1
TrampolineTales,1
Shaikonina Games,1
Pixelbois,1
Quadfix Games,1
Tegridy Made Games,1
Kazakov Studios,1
BrainDead Broccoli,1
THE BROTHERHOOD,1
Otherworld Interactive,1
PlaySide,1
TheGamePublisher.com,1
Mehsoft,1
Summitsphere,1
Irwin Segarane,1
DU&I,1
HiFight,1
SuperWriter Games LLC,1
CyberConnect2,1
Vittorio Romeo,1
Big Cheese Studio,1
Flying Squirrel Entertainment,1
ThinkingStars,1
Bandai Namco Europe S.A.S.,1
Binary Haze Interactive,1
Starni Games,1
P3 Games,1
Virtual Arts Studio,1
Melonsoda Soft,1
Crawly Games,1
Paradox Arc,1
Insane Code,1
Marvelous Games,1
Vona Soft,1
Miju Games,1
Undercoders,1
Lunaris Games,1
Weed Games ,1
Happy Snake Games,1
2124 Publishing,1
C—Ç—Ä–µ–ª—å–±–∞,1
Black Beach Studio,1
SuperGG.com,1
bitComposer Interactive GmbH,1
Forceight,1
Elixir Games,1
3DPet,1
Evil Boobs Cult,1
ustwo games,1
Soaring Pixels Games,1
NetEase Games Global,1
TB Games,1
Keen Games GmbH,1
Thunder Devs.,1
Connection,1
Kikai Digital,1
Sam Vallely,1
Freebird Games,1
David Kaleta,1
"Studio Hatch Co., Ltd.",1
Journey Bound Games,1
TBD,1
www.Spellbook.com,1
HiRabbitgame,1
Mixtvision,1
505 Pulse,1
Ritual Interactive,1
Dreamlight Games Studios SL,1
MOTIONX STUDIO,1
Chronicle Ltd,1
AZGames,1
Sailors Moon,1
nonononono,1
Gen90Software,1
Star Vault AB,1
Pixel Canvas Inc,1
Airship Syndicate,1
Yoba Games,1
XD,1
Lockpickle,1
DVloper,1
Inverse Game,1
 SimonCreative,1
Kirillkrm,1
SOFTSTAR,1
Yooreka Studio,1
Source Technology,1
Patrick Traynor,1
Emberfish Games,1
Anduo Games,1
Cheesecake Dev,1
Molleindustria,1
CITY CONNECTION,1
Runic Rise Games,1
Mk-II,1
Majorariatto,1
GFX47,1
GUT.GAMES,1
Betagames Group,1
Blowfish Studios,1
Rocket Adrift,1
Apple Tart,1
OverDrift Crew,1
Limited Games,1
TheGameCreators,1
gridmaniac,1
Rbois,1
Cyberwave,1
Astrea,1
Xlab Digital,1
SHEN JIAWEI,1
L2 Games,1
ORIGAME DIGITAL,1
Herculion,1
Kirkidexi LTD,1
Perverteer Games,1
Mr Z Games,1
Rad Codex,1
LunchHouse Software,1
Dale Turner,1
Gilligames,1
Gaco Games,1
DEVBOX,1
Hentai works,1
Reaper Games,1
The Working Parts,1
penusbmic,1
VaragtP,1
Retroism,1
Sunflower Ocean,1
Skystone Games,1
Vanimals,1
"Bit Planet Games, LLC",1
Ivanovich Games,1
Rocwise Entertainment,1
Your Story Interactive,1
frecle,1
Vision Games Publishing LTD,1
Snap Finger Click,1
Axolot Games,1
DMT,1
eGames.com,1
familyplay,1
Mindscape,1
Ignis Sanat,1
Trino AB,1
Michele Pirovano,1
Enlight Software Limited ,1
Golden Era Games,1
Salmi Games,1
Stonebrick Studios,1
SCT,1
Laura Shigihara,1
Blender Games,1
Impact Gameworks,1
Zetsubou,1
Platonic Partnership,1
Nakana.io,1
Idea Cabin,1
Red Limb Studio,1
Leppsoft,1
"Fatbot Games, s. r. o.",1
WarpFrog,1
Triternion,1
SoraPrayer,1
AGL studios,1
BEHEMUTT,1
Crasleen Games,1
Phoenix Games,1
RocketPunch Games,1
Mad Mimic,1
Gathering Tree,1
Hern√°n Smicht,1
David Su,1
Helmi Bastami,1
George Batchelor,1
3dinvis games,1
Kasey Ozymy,1
AlphaSoft LLC,1
Moonfire Entertainment,1
Kaigan Games O√ú,1
After Death Team,1
Harpoon Games,1
Mutant Entertainment Studios,1
ATOMIC BREATH,1
FraZack,1
Â¢®È±ºÁé©Ê∏∏Êàè,1
Hempuli Oy,1
Liquid Donkey Games,1
Topstitch Games,1
Screambox Studio,1
SOFTSTAR TECHNOLOGY(BEIJING),1
Portal Entertainment,1
MojoTouch,1
sebagamesdev,1
Crow's Key Studios,1
Shevchenko Technology,1
SPG Mistarille,1
Wahler Digital,1
Enitvare,1
Proton Studio Inc,1
SomniumSoft,1
Self,1
PleasingFungus Games,1
Patron Ibrahim,1
S-Game,1
Somnium Games d.o.o.,1
Firecast Studio,1
Lionbite Games,1
Mikhail Nevsky,1
Hammer Games,1
Hunchback Studio,1
Headup Publishing,1
Space Plunge,1
Vladimir Soldatov,1
Perfuse Entertainment,1
Radical Phi,1
Leopoly,1
Fiassink Games,1
Bowlcut Studios,1
Sungazer Software LLC,1
Funghisoft,1
SharF Co.,1
Lapovich Team,1
Rhombico Games,1
Watercolor Games,1
Low Magic Studios,1
Vogelf√§nger,1
Nezon Production,1
Prideful Sloth,1
Valravn Games,1
Wolfdog Interactive,1
"mtb design works, inc.",1
Altaire,1
Odd Raven Studios,1
Croteam Publishing,1
Tequila Works,1
Joure Visser,1
Tequilabyte Studio,1
BrickCream,1
Fire Hose Games,1
VirtualAge,1
SEMISOFT,1
Red Unit Studios,1
Holyday Studios,1
Peter Whalen,1
Kitsune Games,1
Blue Wizard Digital,1
Animu Game,1
Battlecruiser Games,1
Vladislav Castillo Gonzalez,1
Finger Squad,1
Kongregate,1
Sewer Cat,1
Cult Software,1
Asymmetric,1
Wastebasket Games,1
IzHard,1
Indovers Studio,1
ZELENIUK,1
Broken Arms Games,1
Stormseeker Games,1
Abyss Gameworks,1
The Archotek Project Team ,1
Zanardi and Liza,1
Ominous Entertainment,1
Cold Beam Games,1
ID Card,1
Pumpkin Interactive,1
Silver Machine Studios,1
"Outpost Games, Inc.",1
Luden.io,1
Doborog Games,1
Satur Entertainment,1
Petums,1
BindleBot,1
IndieGala,1
Open Sorcery Games,1
EP Games¬Æ,1
Flashbulb,1
Applava,1
Toxic Dog,1
USANIK STD,1
Headbang Club,1
Zolden Games,1
Kakehashi,1
Creative Pudding Hungary Llc.,1
4Fufelz,1
NoBreadStudio,1
Rune Skovbo Johansen,1
SAT-BOX,1
Batholith Entertainment,1
Copychaser Games,1
Angry Demon Studio,1
Astralis Games,1
Steel Sky Productions,1
rocketship,1
Streembit Ltd,1
NOTvil,1
Mi'pu'mi Games GmbH,1
Alliance,1
Terror Dog Studio,1
MapleDorm Games,1
DirectDoggo,1
Studio √âlan,1
Studio Elan,1
Way Down Deep,1
White_Rabbit_Games,1
Nekoneko Soft,1
Amanita Design,1
WayForward ,1
Pillow Castle,1
Chaos Concept,1
Corvostudio di Amadei Marco,1
Studio Christmas,1
Justdan,1
Wanba Studio,1
Erik Asmussen,1
Klei Entertainment ,1
Affray Interactive,1
GoldenGod Games,1
Polarbyte Games,1
Skymap Games,1
Midjiwan AB,1
PanGuoJun,1
Walkabout,1
L.INC,1
Âåó‰∫¨ÊòüÁ£êÁßëÊäÄ,1
Cocopo,1
EightyEight Games,1
Manning Media,1
OVRAS Team,1
Nether Productions LLC,1
TOKYOTOON,1
Pupuya Games,1
Cyber Realistic Game,1
Ninja Theory,1
Deathbulge,1
blueflower,1
 Sedoc LLC,1
BlackTale Games,1
Dmitrii Lomakin,1
Team Lazerbeam,1
Autoexec Games,1
Tiny Warrior Games,1
Tactical Adventures,1
DesktopMMD Team,1
 EastFog Studios,1
Thomas Waterzooi,1
imaginarylab,1
Original Fire Games,1
3goo,1
Aeromir,1
SRS Games,1
DMM Games - Asia,1
Five Houses LLC,1
Denpasoft,1
Mechanistry,1
4 Dimension Games,1
Rose City Games,1
"Spike Chunsoft Co., Ltd. ",1
Shiny Shoe,1
IndieMax,1
Friend & Foe Games,1
Pahris Entertainment SIA,1
Advance Garde,1
Amazon Games,1
Citizen of Life Games,1
Poly anchor studio,1
Glaive Games,1
Cadabra Games,1
Outerloop Games,1
Fireart Games,1
WT Studio,1
Dipster Productions LLC,1
Hamsters Gaming,1
Jujubee S.A.,1
Multiverse,1
Maulidan Games,1
Monad Rock,1
Magic Design Studios,1
LW.C,1
FawnGame,1
Koksny.com,1
AmberDrop,1
Nupixo Games,1
Team Sorcerobe,1
Illusion Ray,1
Flat Cat Games,1
Butterscotch Shenanigans,1
Asylum Entertainment Inc.,1
Dominique Grieshofer,1
Playables,1
Phaser Lock Interactive,1
Tatamibeya Áï≥ÈÉ®Â±ã,1
Pujia8 Studio,1
Red twice potato,1
EXOR Studios,1
Captain Games,1
Schell Games,1
REDWHALE GAMES Inc.,1
ScottGames,1
Khor Chin Heong,1
Cypronia,1
Ricardo Pratas,1
Deep Dive Interactive,1
VIZ Media,1
Majesco Entertainment,1
Datura Games,1
LR Studio,1
Volha,1
Bigmoon Entertainment,1
JustUsGameLab,1
Merge Games,1
Gem Rose Accent,1
L&L Technology,1
Whippering,1
HoroArch,1
Yak & Co,1
AEXLAB,1
S&COR Games,1
Steppe Hare Studio,1
YFC games,1
Plueschkatze,1
Starlit Castle,1
Andromeda Entertainment,1
Hummingwarp Interactive,1
"Hamumu Games, Inc.",1
Grapeshot Games,1
Qunee,1
Poros Interactive,1
M.INDIE,1
PeriScope Game,1
Sleeper Games,1
Baked Games,1
RZ Entertainment,1
"KOHACHI STUDIO Co., Ltd.",1
Pixile,1
Anima Publishing,1
Paper Cult,1
No Gravity Games,1
Namo Gamo,1
Activision (Excluding Japan and Asia),1
Let it roll AB,1
Urban Meadows,1
Underbite Games,1
Bigmode,1
Jord&Eld,1
GC Games,1
Nixtor Game Studio,1
"FromSoftware, Inc. (Japan)",1
Joshua Keith,1
ÊñπÂùóÊ∏∏Êàè (Asia),1
MINOVATE HONG KONG LIMITED,1
5WORD Team,1
DragonSnow,1
Alien Pixel Studios,1
Gattai Games,1
Drageus Games S.A.,1
TotallyNotReptillian,1
Quantum Phoenix Studio,1
GFI,1
iosoftware,1
Atelier 801,1
Chromosphere Games,1
SuperChop Games,1
Celeris ,1
Brainseed Factory,1
Sergey Pershakov,1
Studio Evil,1
Code}{atch,1
ALICE IN DISSONANCE,1
Lanstrash,1
Fluffy Kitten Studios,1
Wyse Games,1
Moonlight Mouse,1
Great Cogs,1
EuroVideo Medien,1
Ak√ßay Karaazmak,1
The Wall Productions Inc.,1
Whalenought Studios,1
Virtual Racing Industries Ltd.,1
Grable Team,1
Space Bullet Dynamics Corporation,1
Andrew Morrish,1
Team2Bit,1
Misfits Attic,1
Pantera Entertainment,1
Double Fine Presents,1
Double Eleven,1
Full Control,1
"GameTomo Co., Ltd.",1
Mixamo,1
"Fantasy Flight Publishing, Inc.",1
CBE software,1
Heart Machine,1
Warchest Ltd.,1
Rubycone,1
Monster Bath Studios Inc.,1
Siege Camp,1
Mi-Clos Studio,1
STRIKEWORKS,1
Skermunkel,1
DigitalEZ,1
nornware AB,1
Fern Nigro,1
The Stork Burnt Down,1
Alda Games,1
Erichermit,1
Maschinen-Mensch,1
3D Realms (Apogee Software),1
marbenx,1
Trapped Nerve Games,1
Anarchy Enterprises,1
Triskell Interactive,1
Kiroo Corp,1
Studio Monolith,1
Sam Barlow,1
Hangonit,1
Nekki Limited,1
dustinaux,1
RAC7 Games,1
Mojang,1
Noumenon Games,1
Skobbejak Games,1
"CAPCOM U.S.A., INC.",1
Specialbit Studio,1
Hanaji Games,1
New Blood Interactive,1
Spiderling Studios,1
Studio Wildcard,1
Red River Studio,1
Mana Games,1
Hedge Knight Games,1
Niffler Ltd.,1
"The Lo-Fi Apocalypse, Inc.",1
Minority Media Inc.,1
A Stranger Gravity,1
Brainchild,1
Drool,1
Monogon Games,1
Lag Studios,1
Double Stallion,1
"Monochrome, Inc",1
Reverb Triple XP,1
Pathea Games,1
Over the Top Games,1
Games Farm,1
Colibri Games,1
Fish Factory Games,1
IllFonic,1
Psyop Games,1
Murudai,1
Krystian Majewski,1
Immanitas Entertainment GmbH,1
Zeroscale,1
Sigma Team Inc.,1
Grey Havens,1
Mystic Box,1
38 Studios,1
Vanguard Games,1
Cobra Mobile,1
Big Fat Alien,1
DANKIE,1
Sparpweed,1
Gaijin Entertainment,1
Red Thread Games,1
Artery Games,1
CCP,1
Aspyr (Linux),1
Oxeye Game Studio,1
SouthPeak Games,1
2D BOY ,1
TaleWorlds Entertainment,1
ACE Team,1
Three Donkeys LLC,1
Number None,1
Kloonigames,1
KranX Productions,1
Hemisphere Games,1
Elecorn,1
Ice-Pick Lodge,1
Vectorpark,1
Signo & Arte,1
Codemasters,1
Manic Game Studios,1
Re-Logic,1
Q-Games Ltd.,1
MinMax Games Ltd.,1
SMP,1
Omni Systems,1
Terry Cavanagh,1
Galactic Cafe,1
Neko Entertainment,1
Denis Galanin (mif2000),1
Treexy,1
Owlchemy Labs,1
The Secret Experiment,1
Laboratory Systems,1
Days of Wonder,1
I-Illusions,1
Swing Swing Submarine,1
L3O Interactive,1
Zero Point Software,1
Gaijin Network Ltd,1
KING Art,1
Sos Sosowski,1
Exor Studios,1
Serious Brew,1
"Data Realms, LLC",1
Squid In A Box Ltd,1
Spiderweb Software,1
"Aspyr (Mac, Linux)",1
Shovsoft,1
Gaijin Entertainment Corporation,1
The Binary Mill,1
Born Ready Games,1
Subatomic Studios LLC,1
Private Division,1
Cipher Prime Studios,1
Superflat Games,1
"Hardsuit Labs, Inc.",1
Twisted Tree,1
Transhuman Design,1
Demruth,1
Crate Entertainment,1
Yang Sun,1
Varkian Empire,1
Hoplon,1
Akim Games,1
Skookum Arts,1
MAD Virtual Reality Studio,1
CoaguCo Industries,1
Pixel Gangsta Studio,1
VGstudio,1
PIXOWL INC.,1
Pixel Maniacs,1
Kyrylo Kuzyk,1
Completely Unexpected Productions,1
Mega Dwarf Inc.,1
ErayTek,1
Quite Different Mechanics,1
"Oh, a Rock! Studios",1
Klace,1
"Q Switched Productions, LLC",1
GRASSHOPPER MANUFACTURE INC.,1
"CloudGate Studio, Inc.",1
–ù–æ—Å–∫–æ–≤ –°–µ—Ä–≥–µ–π,1
Michaela Laws,1
"Orbital Speed Studio Co.,Ltd.",1
Blind Sky Studios,1
17Studio,1
"Revival Productions, LLC",1
BrainGoodGames,1
Vertical Skull Games,1
paulstephendavis,1
RMAL,1
WolfgangIs,1
FDG Entertainment,1
Minddesk Software GmbH,1
Panda Indie Studio,1
ReadGraves,1
Blind Bird,1
the whale husband,1
UnexEvo,1
KasSanity,1
FlipSwitch Games,1
The_Kiddy,1
Super Legit Games,1
Pablo Vidaurre Sanz,1
Samer Khatib (Snowconesolid Productions),1
Bigfingers,1
Master Indie,1
Capricia Productions,1
Kyle Seeley,1
Tectonic VR,1
UL,1
Ogre Head Studio,1
Rutony Studio,1
Lorag Games,1
Anton Riot,1
DrinkBox Studios,1
machineboy,1
GameChanger Studio,1
Semaphore,1
"Mad Dog Games, LLC",1
Neon Green Pin Games,1
Timeslip Softworks,1
"Beep Games, Inc.",1
Pe–øtacle,1
Pixelatto,1
Bliss Brain,1
Mind Leak,1
Halfbrick Studios Pty Ltd,1
VectorStorm Pty Ltd,1
2 Zombie Games,1
Onion Core,1
KHB-Soft,1
No Stuck Game Studio,1
Deceptive Games,1
Big Fish Games,1
Amistech Games,1
Three Guys Game Studio,1
Pixelsplit Simulations,1
Pixelsplit,1
caiysware,1
HumaNature Studios,1
Viridino Studios,1
Magenta Factory,1
DDD Wares,1
Altfuture,1
Svaj≈´nas ≈Ωemaitis,1
Warhorse Studios,1
Grey Alien Games,1
"H2 Interactive Co., Ltd.",1
Ruxar,1
Brendon Pywell,1
Chucklefish Games,1
AQUIRIS,1
Boogygames Studios,1
NTTGame,1
Freakinware Studios,1
Dreamloop Games,1
R8 Games Ltd,1
Alternative Software Ltd.,1
Anvil-Soft,1
Bulbware,1
CAPCOM,1
Wish Fang,1
Nimbly Games,1
Toy Temp,1
Dmytry Lavrov,1
VALOFE,1
Unlok,1
AGC,1
Game Odyssey Limited,1
Iteration 11,1
Creative Concepts,1
Red Abyss Software,1
Bit Juggler,1
Phoenix Game,1
Kieffer Bros.,1
KADOKAWA CORPORATION,1
Dreamsite Games,1
Randomnine Ltd,1
i273 LLC,1
Thibaud Michaud,1
Diminished Studios,1
A Crowd of Monsters,1
Stumbling Cat,1
MuHa Games,1
Chris Johnson,1
Chris Larkin,1
Merixgames,1
Behold Studios,1
Secret Sorcery Limited,1
eduweb,1
Azur Games,1
OsarisGames,1
Not Doppler,1
JoyBits Ltd.,1
Age of Fear,1
TheGamesFortress,1
Igara Studio,1
My64K,1
Doomster Entertainment,1
Chewa,1
Stitch Heads Entertainment,1
Wallpaper Engine Team,1
Wayward Prophet,1
Dharker Studios,1
The Revills Games,1
Modern Visual Arts Laboratory,1
The Deep End Games,1
Spytihnƒõv,1
Very Simple Idea Studios,1
ColePowered Games,1
NeocoreGames,1
Oliver Keppelm√ºller,1
snekflat,1
Anvate Games,1
CreSpirit,1
Neat Corporation,1
Digital Happiness,1
Say Again Studio,1
Ivent Games,1
Numinous Games,1
Anuman Interactive / Microids,1
Teku Studios,1
AtomicHorde,1
Mastfire Studios Pty Ltd,1
Dreadbit,1
"AREA 34, Inc.",1
Top Hat Studios Inc,1
Exkee,1
"ENTERGRAM,INC.",1
e-Jade,1
HGISoft,1
Chowbie,1
Association K-D Lab,1
"Ocean Drive Studio, Inc.",1
Kakao Games,1
HOGO Games,1
Pavel Leksin,1
ILLGAMES,1
NatsumeAtari,1
ICSTOR,1
Revolution Software Ltd,1
Spickasoft,1
A17 Games,1
Canari Games,1
Alperen Torun,1
Steel Arts Software Ltd,1
KiwifruitDev,1
Exbyte Studios,1
Kraken Studios,1
Polished Games,1
CCM,1
Mammorize,1
Flawless Gaming,1
Mini Fun Games,1
Stigma Studios,1
Underground Studio,1
Jimi Games,1
Deathyell Games,1
Emberforge,1
United Label,1
Lekker spelen,1
Postmodern Adventures,1
enComplot,1
Lewdlab,1
Octavi Navarro,1
TopHouse Publishing,1
NWO Wars Team,1
Seybul Tech,1
VisualPointG,1
No Ceiling Games,1
" KOEI TECMO GAMES CO., LTD.",1
Jasozz Games,1
Pixel Forge Games,1
Second Maze,1
Wave Ecstacy,1
OPT Studio,1
Frinky,1
Team R.P,1
Stardust Light Studio,1
Galactic Workshop,1
EY-Studio,1
Lust Desires üñ§,1
Yin Games,1
Alkinoy,1
Valefor Ltd,1
Terletski Games,1
Seal,1
Luckycalf,1
Tsukuyomi,1
oyasumi Workshop,1
Cowboy Toad Games,1
Cr3 Studio,1
Antifreeze Games,1
Korvinrular,1
DarkLight Studio,1
Bit Assembly,1
LightOnDevs,1
Notional Games,1
Catnip studio,1
Story Machine Studios,1
RAJACORP,1
PUNKCAKE D√©licieux,1
Frontier Developments,1
Korgi Digital (China),1
James Dornan,1
MLMEDIA,1
Ë∞≠Êµ©Áøî,1
Safe Flight Games,1
Joey Schutz,1
Madbug,1
5minlab Corp.,1
85 Plus Games,1
Robot Assembly,1
1UP Games,1
SKYFOSTER,1
So Peculiar,1
GameToTop,1
D-Pad Studio,1
Team Crucible,1
Phantasmica Studios,1
Secret Exit Ltd.,1
Rebound CG,1
Flipline Studios,1
Falling State Inc.,1
Sunpeak Games,1
Lost Sock Studio,1
Bloodbath Studios,1
Thigh High Games,1
Knifes,1
Fuzz Force,1
Habupain,1
Cassel Games,1
Micha≈Ç Wikli≈Ñski,1
Tour De Pizza,1
Wikkl Works,1
Wingjoy Games,1
Shmoops Games,1
Manic Mice,1
Pounce Light,1
Mike Bushell,1
Studio HK,1
Norb Software Development LLC,1
Mango Council,1
Lunar Chili,1
Ivy Sly,1
BLOCK 211,1
Boring Games,1
Cobra Byte Digital,1
Fifth Harbour Studios,1
Unexpected,1
BlackMark Studio,1
Gyno Games,1
Mikael Bihl,1
Inspector Studios,1
Steel Games,1
 The Spiteful Games,1
Mad Silver Lab Games,1
Game Science,1
Eroge Japan,1
Crustacean Interactive,1
Standable,1
Caleb Wood,1
potentknight,1
Monster Eye Games,1
XSSPACE,1
UT STUDIO,1
8BitSkull,1
Feel Free Games,1
Goba,1
Baltoro Games,1
L7team,1
Quadruple-Q,1
Night Signal Entertainment,1
Jakai,1
MV JPL,1
Retronator,1
Kodansha,1
Shiv,1
Nexile,1
Keep Games,1
SBN3,1
Wrath Club,1
Get(Color) Games,1
KorGgenT,1
Lemma Arts,1
ACE ENTERTAINMENT,1
Baba Yaga Games,1
JANS Dev Team,1
Zojoi LLC.,1
Luke Muscat,1
Good Mood Games,1
Notorious Studios,1
Divide The Plunder,1
Toorai,1
Peakway Software LLC,1
KillHouse Games,1
Privateer Press Interactive,1
Final Boss Entertainment,1
TREASURE,1
grapefrukt games,1
Digital Leisure Inc.,1
Viva Media Inc,1
Big Finish Games,1
Jumping Ram,1
Ludosity,1
Suspicious Developments,1
Loren Lemcke,1
Interplay Corp,1
Sunlight Games,1
Camel 101,1
Vagabond Dog,1
Stellar Jockeys,1
Acid Wizard Studio,1
DigitalDNA Games LLC,1
Biart Company LLC,1
Michael Brough,1
Black Maple Games,1
Beau Blyth,1
Toxic Games,1
Ian Campbell,1
Greenheart Games üíö,1
DoubleBear Productions,1
Matt Cohen,1
Ndemic Creations,1
RuneStorm,1
Eyebrow Interactive,1
Black Forest Games,1
Impromptu Games,1
Studio Bean,1
Crazy Viking Studios,1
Atooi,1
Positech,1
Clickteam,1
North of Earth,1
"Laser Guided Games, LLC",1
bitComposer Games,1
Papertip Studio,1
Digital Tentacle,1
Mastertech,1
"Idea Factory International, Inc.",1
"IDEA FACTORY Co., Ltd.",1
PestoForce,1
"Marauder Interactive, LLC",1
Utopian World of Sandwiches,1
Kumobius,1
Orphic Software,1
30/30,1
Naga Entertainment,1
AAD Productions,1
Rat King Entertainment,1
MoaCube,1
Camshaft Software Ltd,1
Powerhoof,1
Psydra Games LLC,1
Fixpoint Productions Ltd.,1
Never Don't Play,1
Blind Mind Studios,1
JForce Games,1
RCTO Productions,1
Digital Confectioners,1
Three Flip Studios,1
TopWare Interactive,1
Lost Decade Games,1
Aldorlea Games,1
Lince Works,1
"BBEW BBEW, LLC",1
Siege Games,1
Doragon Entertainment,1
WRF Studios,1
Krita Team,1
Serious Bros.,1
Playful Corp.,1
Yuisy,1
BulkyPix,1
3f Interactive,1
4PM GAME,1
3909,1
Mousechief,1
Santa Ragione,1
lamedeveloper,1
Adam Travers,1
KwaKwaGames,1
DarkPhobia Games,1
AnomalyGuys,1
Purple Heads Games,1
Mateusk2m,1
Nachosama Games,1
TWEN,1
HD Publishing,1
"Tilted Mill Entertainment, Inc.",1
Brian Cronin,1
PikPok,1
1C-SoftClub,1
"Hassey Enterprises, Inc.",1
Remedy Entertainment,1
U.S. Army,1
Carpe Fulgur LLC,1
JacksonGameStudios,1
VD Games,1
Cardboard Computer,1
PropilGames,1
EE GAMES/Tenth Art Studio,1
North Beach Games,1
ÊàëÁöÑÂêåÂ±ÖÂ•≥Á•ûÁ´üÊòØÂ∞èÂß®Â≠ê,1
Lunisky Studio,1
"Jackbox Games, Inc",1
Kekdot,1
Rayll Studios,1
EXPERIMENT ONE,1
"Lorke Records, Inh. Anne Baumann",1
Simon Au Yeung,1
Chreseeba Games,1
Ells&Pills,1
ATRIC Games,1
Hinterland Mood,1
Puck Games,1
Pantsu Productions,1
tiplay studio,1
Bootsnake Games,1
Capybara Games,1
Eden Industries,1
Rocket Bear Games,1
UL Solutions,1
Lever Games,1
Robotronic Games,1
Trapdoor,1
Bitmap Bureau,1
Hello Games,1
Going Loud Studios,1
Iron Tower Studio,1
Brightrock Games,1
Senscape,1
Metanet Software Inc.,1
Giant Army,1
Fish Eagle,1
Zombie Studios,1
droqen,1
Threaks,1
Facepalm Games,1
Goldhawk Interactive,1
Eagle Dynamics SA,1
Ankama Games,1
2x2 Games,1
"Vblank Entertainment, Inc.",1
Subset Games,1
New Star Games,1
SuperVillain Studios,1
Microsoft Studios,1
Aspyr ,1
Blendo Games,1
Daybreak Game Company,1
Team Psykskallar,1
Level Up Labs,1
"Acoustica, Inc.",1
Gamestorm Ltd,1
Shawn McGrath,1
ioneo,1
IonFX Studios,1
LudoCraft Ltd.,1
smellymoo,1
YGameStudios,1
Llamamann Games,1
KIWIWALKS,1
Gniller,1
WildMonkey,1
Cozy Village,1
Belief Engine,1
Apphic Games,1
Sven Ahlgrimm,1
Bosmic Forge,1
Abiding Bridge,1
Redeev,1
Murilobast,1
TrinityBJ,1
Far From Home,1
PinkySoul,1
Punx Studios,1
Pergunta Fixar,1
Fireplace Games,1
Fantasize Games,1
Stove Powered Games,1
Lithodelphis,1
011 Games,1
Bloody Pixel Games,1
perelesoq,1
"Asobism.Co.,Ltd",1
DeskClub Games,1
Lavaboots Studios,1
Bart Bonte,1
Wherry,1
"Top Hat Studios, Inc.",1
 MyACG Studio,1
Spyridon Thalassinos,1
"crim Co., Ltd.",1
Elementarium games,1
Enhance,1
0UP GAMES,1
Revmatek,1
Jeminie Interactive,1
"Soft Not Weak, LLC",1
Altered Orbit Studios,1
helpnode,1
Amplifier Studios,1
TreeNutsGames,1
Nidal Nijm Games,1
Onion Games,1
F√°bio Fontes,1
Mockingbird Softworks,1
Twisted Corridor üëª,1
DUT Studio,1
Thin Line,1
NUU,1
VODKAdemo?,1
Nornec,1
KPC,1
Brownmonster Limited,1
Cat Commandos,1
Gameclaw Studio,1
Electric Monkeys,1
Acute Owl Studio,1
ThirdPixel Interactive,1
Craft Theory,1
Peace Blvd Games,1
Sunseeker Games,1
FRAME BREAK,1
ln404,1
Scopely,1
Restoration Games,1
Throwback Entertainment,1
Zenox,1
Skullcap Studios,1
DuskDogStudio,1
Armchair History Interactive,1
The Pixel Hunt,1
751 Games,1
Softmind Ltd,1
Delirium Tremens Games,1
Dire Wolf,1
Garage Heathen,1
Keystone Knight,1
Studio Chien d'Or,1
CarloC,1
Callback,1
Paper Promises Programming,1
Circle Jerk(s),1
Hardblush Interactive,1
PUMPKIM,1
Lucasfilm Games,1
Team L.U.R.Id Glow,1
RecordMedia,1
"Grenoble Interactive, LLC",1
Hometopia Inc.,1
INK EYE Games,1
Nostalgia Addict Games,1
Wild River Games ,1
RPN Indie Developer,1
Isolated Games,1
Firesprite Ltd,1
Alioth Studio,1
Third Spirit Games,1
Red Art Games,1
RainbowStudio,1
Sinkhole Studio,1
ambai,1
Little Beavers Games,1
Thorrnet Publishing,1
Dreambyte Games,1
Eric Thullen,1
DOG HOGGLER,1
Straight Back Games,1
Pirate-Rob,1
Tense Games,1
chengcong,1
Sakana Studios,1
"CarX Technologies, LLC",1
Mushreb Games,1
BatWorks Software,1
Bytten Studio,1
Study Bunny Games LLC,1
Jonas Tyroller,1
FondGame,1
AZAMATIKA,1
Sim Farm S.A.,1
Risa Interactive,1
Bitrich.info,1
Jinthree Studio,1
Dave Kap,1
Refactor Games,1
Blazes Games,1
Reality MagiQ,1
Smug Marmot Studios,1
Screaming Bee,1
None,1
Codrin Bradea,1
Fractal Block Team LLC,1
Animation Arts,1
Rocket Rat Games,1
CubeGame,1
"Softstar Technology (Beijing) Co., Ltd",1
Anomaly Games,1
Baba Nura,1
Siactro,1
505 Games Official,1
Studio Amateur,1
Kinky Fridays,1
CubeCube Sports Ltd.,1
Devon Wiersma,1
Remix Games,1
Vexan Studio,1
Galart,1
Disillusion Dev,1
Team OFK,1
MedusasGame,1
ÈùíÂ≤õ‰∏âËÑöÁå´Â∑•‰ΩúÂÆ§,1
Aleksandr Turkin,1
Fivemid Studio,1
MyDearest Inc.,1
DRAGOLITE STUDIO,1
LizardWish,1
 Appnori Inc.,1
Flavourworks,1
Axan Gray,1
tons of bits,1
Family Devs,1
Actual Nerds,1
pencil,1
LostOneTeam,1
Just Purkey Games,1
Rising Moon Games,1
Terapoly,1
Funselektor Labs Inc.,1
Dylan White,1
Traega Entertainment,1
Polyarc,1
ÊªëÁ®ΩÂ∑•‰ΩúÂÆ§,1
White Phantom Games,1
10tons Ltd,1
Game Smithing Limited,1
Disrate Studios,1
Gample,1
Xekvera,1
Star Garden Games,1
Klei Publishing,1
Midnight Games,1
Jaklub,1
Kinmoku,1
Perfect Day Studio,1
FLUXJIN,1
Garakowa Marshmallow,1
Prismatika,1
ÁêâÁíÉËä±Á≥ñÂà∂‰ΩúÁªÑ,1
Brain Pump,1
DON'T NOD,1
Steelkrill Studio,1
 Sinkhole Studio,1
HappyTall Game,1
Tacty Studio,1
Daniel Lochner,1
Ghost Ship Publishing,1
LSP GAME,1
Xendra,1
Time Galleon,1
Sungame Studio,1
Luis G. Bento,1
LeJunesArt,1
The Evergloom Team,1
Femdom Wife Game,1
WindField Games,1
"STORIA GAMES CO., LTD",1
Team SNEED,1
Fiveamp,1
Lionel Marsden,1
Slouching Beast LLC,1
Nocturne Studio,1
Team Vivat,1
Bogdan Rosca,1
TNTGames,1
Natsume Inc.,1
Wandering Wizard,1
Wabisabi Games,1
Wenkly Studio Sp. z o.o.,1
Kunpo Games,1
Cogware Games,1
Aaron McDevitt,1
Stork Game,1
Bible Games,1
pgWave,1
Deafperv,1
StrelitziaGames,1
Headware Games,1
Meridiem Games,1
Sengi Games,1
HotchPotch K.K.,1
Olive Panda Studio,1
Neverland Entertainment,1
Hitori De Productions,1
"Mediascape Co., Ltd.",1
UPLAY Online,1
LIGHTS ARE OFF LLC,1
Polyscape Inc.,1
Teleopsia Games,1
Team Samoyed,1
FerriteLabs,1
SelianiDEV,1
BUCK,1
Epopeia Games,1
HAMMER95,1
Popcannibal,1
Bassett Interactive,1
Backhole,1
gcBronze,1
Rachan Neamprasert,1
PLAION,1
Die of Death Games,1
Happinet,1
Artifex Parvus,1
Notovia,1
 505 Games,1
PixelHeart,1
RegulusNSFW,1
Êë∏È±ºÁå´Â∑•‰ΩúÂÆ§,1
1BITDRAGON,1
CobraTekku Games,1
Sinner's Lotion,1
TurnVex,1
Topping Palette,1
ASK_GAMES,1
YSH Games,1
The Bueno Interactive,1
Falcon Development,1
Woodland Development,1
DDreams Games,1
ELEET GAMES,1
1010 Games,1
Nightmare Studios,1
Poptropica,1
BunFan Games LLC,1
DID Games,1
HiWarp,1
Housemade Inc.,1
higopage,1
WildSphere,1
Bar Holographic Otaku,1
Red Square Games,1
Gaming Factory,1
No one,1
Hotloop,1
CREATY,1
"Scheme Street, LLC",1
Ranwog,1
loonyware,1
illuCalab,1
HeartCoreDev,1
Madison Karrh,1
Max Loh,1
Kruger & Flint Productions,1
Cortez Productions,1
FlyinDogs,1
German Bandera,1
Maru VR Productions,1
Blobfish,1
Gridpop,1
Skydance Interactive,1
Bryce Summer,1
RGB Rush,1
Ë∂£ÂìÅÂ†Ç(Hardcore Studio),1
Blumhouse Games,1
Sounding Stone / ËÄÅÂ•âÊØä,1
RMAsia,1
Cat Play Studio,1
Zeldars Zone,1
Studio Daimon,1
Blankhans,1
Undergrad Steve,1
Thunderful,1
NEKOTOKAGE GAMES,1
RE:CODE,1
Newfangled Games,1
ASOBI,1
Hobo Cat Games,1
Cavemanon,1
FOZ,1
ElvNeko,1
Midnight Munchies,1
Coatsink,1
Outersloth,1
MarpleGames,1
"Metalcat Interactive Co.,Ltd",1
Angry Mob Games,1
Motion Twin,1
LSJ Productions,1
Studio Ginkgo,1
Acmore Games,1
